season,event,session,driver,lap_uid,compound,condition,real_lap_time_s,sim_lap_time_s,lap_time_err_s,rms_kph,bias_kph,max_abs_kph,mu,cl_a,cd_a,at_bound,fuel_kg,rho,phase_shift_m,elevation_used,n_evals,fit_ms,fuel_s_per_kg,wing_vmax_delta_kph,wing_lap_delta_s,grip_corners_checked,grip_corners_faster
2022,abu_dhabi_grand_prix,Q,SAI,2022_abu_dhabi_grand_prix_Q_SAI_015,SOFT,dry,84.242,84.047,-0.195,12.21,-0.51,58.1,2.3126,3.8957,1.1027,False,8.0,1.1702,25.0,True,9,118.5,0.02488,-6.26455,-0.61588,2,2
2022,abu_dhabi_grand_prix,Q,VER,2022_abu_dhabi_grand_prix_Q_VER_002,SOFT,dry,84.754,84.607,-0.147,12.94,-0.22,75.9,2.216,4.1605,1.0895,False,8.0,1.1686,15.0,True,8,107.2,0.02583,-6.17491,-0.69659,2,2
2022,abu_dhabi_grand_prix,Q,PER,2022_abu_dhabi_grand_prix_Q_PER_002,SOFT,dry,84.82,85.329,0.509,12.73,-0.65,60.4,2.0947,4.5455,1.0736,False,8.0,1.1686,15.0,True,7,94.1,0.02709,-6.15254,-0.80855,2,2
2022,abu_dhabi_grand_prix,R,PER,2022_abu_dhabi_grand_prix_R_PER_050,HARD,dry,89.253,89.894,0.641,12.53,-0.01,46.7,1.7193,6.0958,1.2471,False,19.6,1.1721,20.0,True,11,143.4,0.03,-6.47391,-0.93965,2,2
2022,abu_dhabi_grand_prix,R,VER,2022_abu_dhabi_grand_prix_R_VER_037,HARD,dry,90.116,90.516,0.4,12.57,0.09,47.2,1.9022,4.5916,1.2024,False,43.6,1.1721,25.0,True,6,79.5,0.02459,-6.32982,-0.78385,2,2
2022,abu_dhabi_grand_prix,R,LEC,2022_abu_dhabi_grand_prix_R_LEC_034,HARD,dry,90.17,90.607,0.437,12.53,0.03,45.4,1.7242,6.1033,1.2418,False,49.1,1.1717,30.0,True,11,144.5,0.02834,-6.34484,-1.04807,2,2
2022,australian_grand_prix,Q,LEC,2022_australian_grand_prix_Q_LEC_016,SOFT,dry,78.239,78.315,0.076,11.51,-0.33,48.3,2.1193,5.1005,1.2776,False,8.0,1.1923,-5.0,True,22,268.8,0.02574,-5.03201,-0.48547,3,3
2022,australian_grand_prix,Q,PER,2022_australian_grand_prix_Q_PER_014,SOFT,dry,78.398,78.413,0.015,11.94,-0.24,58.2,2.0842,5.0495,1.1914,False,8.0,1.1923,-5.0,True,9,119.2,0.02768,-5.20171,-0.68127,3,3
2022,australian_grand_prix,Q,VER,2022_australian_grand_prix_Q_VER_014,SOFT,dry,78.762,78.52,-0.242,13.3,0.01,75.3,2.1088,4.9076,1.1998,False,8.0,1.1915,5.0,True,7,93.3,0.02716,-4.78372,-0.68791,3,3
2022,australian_grand_prix,R,BOT,2022_australian_grand_prix_R_BOT_056,HARD,dry,81.894,82.01,0.116,11.11,0.14,53.5,1.8776,5.3128,1.2745,False,8.5,1.1745,10.0,True,10,133.6,0.02637,-7.17398,-0.81268,3,3
2022,australian_grand_prix,R,PER,2022_australian_grand_prix_R_PER_043,HARD,dry,82.035,82.309,0.274,10.98,0.22,42.0,1.8511,5.674,1.3,False,32.5,1.176,0.0,True,10,131.8,0.02648,-7.07298,-0.85124,3,3
2022,australian_grand_prix,R,RUS,2022_australian_grand_prix_R_RUS_055,HARD,dry,82.315,82.216,-0.099,12.59,0.16,60.2,1.8926,5.4492,1.4019,False,10.4,1.1753,10.0,True,12,119.2,0.0264,-7.10288,-0.71947,3,3
2022,austrian_grand_prix,Q,LEC,2022_austrian_grand_prix_Q_LEC_007,SOFT,dry,65.419,65.059,-0.36,12.19,-0.46,41.3,2.1116,4.6825,0.9483,False,8.0,1.2078,5.0,True,7,76.9,0.02175,-4.05509,-0.59141,5,5
2022,austrian_grand_prix,Q,VER,2022_austrian_grand_prix_Q_VER_008,SOFT,dry,65.568,65.554,-0.014,12.28,-0.56,45.3,2.1286,4.3446,0.9528,False,8.0,1.2082,10.0,True,12,114.5,0.02081,-4.09358,-0.5082,5,5
2022,austrian_grand_prix,Q,SAI,2022_austrian_grand_prix_Q_SAI_007,SOFT,dry,65.66,64.863,-0.797,11.92,-0.19,40.7,2.4243,3.2857,0.9405,False,8.0,1.207,15.0,True,13,143.9,0.01877,-4.06304,-0.33045,5,5
2022,austrian_grand_prix,R,RUS,2022_austrian_grand_prix_R_RUS_066,HARD,dry,69.891,69.575,-0.316,13.13,-0.3,44.6,1.9273,4.3542,1.263,False,12.0,1.2025,15.0,True,7,79.4,0.01931,-4.94443,-0.31703,5,5
2022,austrian_grand_prix,R,LEC,2022_austrian_grand_prix_R_LEC_036,HARD,dry,69.908,69.637,-0.271,10.88,-0.23,42.2,2.0111,3.8936,1.1223,False,57.3,1.2025,10.0,True,15,130.2,0.01795,-4.41242,-0.31238,5,5
2022,austrian_grand_prix,R,VER,2022_austrian_grand_prix_R_VER_004,MEDIUM,dry,70.128,69.947,-0.181,12.81,-0.47,41.0,1.9996,4.3908,1.1566,False,105.5,1.2029,10.0,True,7,77.2,0.01747,-3.97881,-0.3329,5,5
2022,azerbaijan_grand_prix,Q,PER,2022_azerbaijan_grand_prix_Q_PER_014,SOFT,dry,101.94,104.046,2.106,10.33,-1.84,59.6,1.9188,4.627,1.0445,False,8.0,1.1859,10.0,True,6,91.3,0.0281,-7.89832,-0.16583,3,3
2022,azerbaijan_grand_prix,Q,LEC,2022_azerbaijan_grand_prix_Q_LEC_012,SOFT,dry,102.046,103.428,1.382,10.46,-1.56,58.7,1.9831,4.4958,1.0854,False,8.0,1.1843,5.0,True,9,105.3,0.02345,-7.91313,-0.0248,3,3
2022,azerbaijan_grand_prix,Q,VER,2022_azerbaijan_grand_prix_Q_VER_009,SOFT,dry,102.227,104.162,1.935,10.71,-1.47,62.2,1.9141,4.6467,1.0557,False,8.0,1.1863,10.0,True,6,92.0,0.02808,-7.897,-0.1454,3,3
2022,azerbaijan_grand_prix,R,VER,2022_azerbaijan_grand_prix_R_VER_038,HARD,dry,106.929,109.424,2.495,11.73,-0.84,57.2,1.604,6.0926,1.1246,False,32.4,1.1839,20.0,True,11,119.9,0.03013,-7.86926,-0.28606,3,3
2022,azerbaijan_grand_prix,R,LEC,2022_azerbaijan_grand_prix_R_LEC_014,HARD,dry,107.938,109.737,1.799,11.06,-1.01,49.2,1.6335,6.3387,1.1631,False,82.7,1.1827,15.0,True,8,122.3,0.02361,-7.77761,-0.17956,3,3
2022,azerbaijan_grand_prix,R,HAM,2022_azerbaijan_grand_prix_R_HAM_049,HARD,dry,108.086,109.735,1.649,11.09,-0.32,58.5,1.6447,5.6568,1.2798,False,9.3,1.1839,25.0,True,11,120.0,0.02878,-7.68853,-0.15682,3,3
2022,bahrain_grand_prix,Q,VER,2022_bahrain_grand_prix_Q_VER_013,SOFT,dry,90.681,90.506,-0.175,11.06,0.27,59.0,2.1537,2.9657,1.1367,False,8.0,1.2066,15.0,True,7,97.6,0.02132,-6.28691,-0.28483,6,6
2022,bahrain_grand_prix,Q,SAI,2022_bahrain_grand_prix_Q_SAI_008,SOFT,dry,90.787,90.403,-0.384,11.31,0.12,51.6,1.8824,5.1001,1.2195,False,8.0,1.2066,25.0,True,17,213.2,0.02433,-6.42023,-0.43463,6,6
2022,bahrain_grand_prix,Q,LEC,2022_bahrain_grand_prix_Q_LEC_008,SOFT,dry,90.932,91.037,0.105,10.89,-0.01,53.3,1.8318,5.2533,1.2377,False,8.0,1.2066,25.0,True,15,205.8,0.02448,-6.43703,-0.45021,6,6
2022,bahrain_grand_prix,R,LEC,2022_bahrain_grand_prix_R_LEC_020,SOFT,dry,97.562,97.439,-0.123,9.94,0.39,38.6,1.6919,4.5998,1.3535,False,74.3,1.1927,25.0,True,6,81.4,0.02217,-6.37894,-0.42995,6,6
2022,bahrain_grand_prix,R,SAI,2022_bahrain_grand_prix_R_SAI_019,SOFT,dry,97.581,97.467,-0.114,9.88,0.08,35.2,1.7109,4.3822,1.3308,False,76.2,1.1923,25.0,True,6,82.4,0.02161,-6.35643,-0.46855,6,6
2022,bahrain_grand_prix,R,PER,2022_bahrain_grand_prix_R_PER_023,MEDIUM,dry,97.96,98.31,0.35,16.72,0.81,58.2,1.6255,4.7588,1.3291,False,68.7,1.1927,0.0,True,8,109.5,0.0228,-6.29517,-0.54083,6,6
2022,belgian_grand_prix,Q,VER,2022_belgian_grand_prix_Q_VER_008,SOFT,dry,103.665,103.035,-0.63,12.0,-0.13,59.2,2.2085,3.7837,1.054,False,8.0,1.2229,20.0,True,8,139.8,0.02714,-7.55922,-0.43338,5,5
2022,belgian_grand_prix,Q,SAI,2022_belgian_grand_prix_Q_SAI_010,SOFT,dry,104.297,103.415,-0.882,11.71,-0.03,52.3,2.1322,4.0174,1.0496,False,8.0,1.2229,15.0,True,7,122.7,0.028,-7.55031,-0.51819,5,5
2022,belgian_grand_prix,Q,PER,2022_belgian_grand_prix_Q_PER_008,SOFT,dry,104.462,103.903,-0.559,12.06,-0.23,58.2,2.1266,3.9608,1.0687,False,8.0,1.2229,15.0,True,8,140.7,0.02748,-7.5296,-0.46366,5,5
2022,belgian_grand_prix,R,VER,2022_belgian_grand_prix_R_VER_021,MEDIUM,dry,112.175,112.543,0.368,13.34,0.02,52.7,1.5112,6.4178,1.132,False,61.4,1.1943,25.0,True,11,192.6,0.03251,-6.99822,-1.01981,3,3
2022,belgian_grand_prix,R,ZHO,2022_belgian_grand_prix_R_ZHO_030,SOFT,dry,112.317,112.417,0.1,14.16,0.13,53.6,1.5058,6.1497,1.0966,False,39.5,1.1956,25.0,True,14,178.7,0.04074,-7.09444,-1.04439,3,3
2022,belgian_grand_prix,R,NOR,2022_belgian_grand_prix_R_NOR_032,MEDIUM,dry,112.418,113.171,0.753,13.18,-0.03,57.4,1.4396,6.4941,1.0755,False,34.6,1.1964,25.0,True,15,227.8,0.04274,-7.1063,-1.16177,3,3
2022,british_grand_prix,Q,PER,2022_british_grand_prix_Q_PER_005,INTERMEDIATE,inter,102.611,103.369,0.758,12.65,-0.19,60.2,1.2062,6.3183,1.2612,False,8.0,1.2263,5.0,True,13,192.8,0.03848,-5.76855,-1.89369,6,6
2022,british_grand_prix,Q,VER,2022_british_grand_prix_Q_VER_019,INTERMEDIATE,inter,102.996,103.709,0.713,12.55,0.26,53.2,1.2,6.3619,1.3088,True,8.0,1.2284,10.0,True,13,193.3,0.03838,-5.80992,-1.86744,6,6
2022,british_grand_prix,Q,HAM,2022_british_grand_prix_Q_HAM_004,INTERMEDIATE,inter,103.023,103.266,0.243,13.68,-0.21,52.2,1.2735,5.6864,1.335,False,8.0,1.2259,10.0,True,15,166.9,0.0355,-5.90747,-1.62544,6,6
2022,british_grand_prix,R,LEC,2022_british_grand_prix_R_LEC_033,HARD,dry,91.976,92.044,0.068,8.58,-0.17,37.3,1.7341,4.9748,1.2238,False,44.2,1.2087,5.0,True,9,122.7,0.03213,-1.02497,-0.80288,6,6
2022,british_grand_prix,R,ALO,2022_british_grand_prix_R_ALO_035,HARD,dry,92.744,92.888,0.144,9.22,-0.36,36.1,1.7944,4.5775,1.3551,False,40.0,1.2082,5.0,True,10,115.0,0.02977,-2.76682,-0.64276,6,6
2022,british_grand_prix,R,SAI,2022_british_grand_prix_R_SAI_027,HARD,dry,92.876,93.033,0.157,9.56,-0.37,36.6,1.7417,4.9054,1.3048,False,56.5,1.2087,-5.0,True,8,119.1,0.03073,-1.98697,-0.76077,6,6
2022,canadian_grand_prix,Q,ZHO,2022_canadian_grand_prix_Q_ZHO_020,INTERMEDIATE,inter,86.869,87.531,0.662,11.06,-0.38,43.6,1.274,4.1134,1.2593,False,8.0,1.2289,10.0,True,15,117.5,0.01773,-6.29109,-0.51457,3,3
2022,canadian_grand_prix,Q,OCO,2022_canadian_grand_prix_Q_OCO_020,INTERMEDIATE,inter,87.345,88.373,1.028,12.96,-0.07,48.9,1.2,4.7602,1.2182,True,8.0,1.2284,20.0,True,11,122.1,0.01915,-6.22843,-0.63352,3,3
2022,canadian_grand_prix,Q,HAM,2022_canadian_grand_prix_Q_HAM_019,INTERMEDIATE,inter,87.469,88.733,1.264,10.57,-0.05,47.6,1.2,4.4974,1.1597,True,8.0,1.2293,15.0,True,14,139.8,0.01876,-6.11978,-0.63187,3,3
2022,canadian_grand_prix,R,LEC,2022_canadian_grand_prix_R_LEC_061,MEDIUM,dry,76.767,77.203,0.436,8.59,-0.44,31.6,1.73,4.1579,1.1618,False,18.3,1.1956,10.0,True,7,77.9,0.01821,-6.32648,-0.39791,3,3
2022,canadian_grand_prix,R,VER,2022_canadian_grand_prix_R_VER_028,HARD,dry,77.43,77.68,0.25,7.82,-0.26,30.2,1.8624,3.1807,1.1282,False,68.7,1.1984,5.0,True,7,78.7,0.01516,-6.14069,-0.24841,3,3
2022,canadian_grand_prix,R,SAI,2022_canadian_grand_prix_R_SAI_037,HARD,dry,77.673,78.095,0.422,8.65,-0.48,38.8,1.6863,4.4619,1.1717,False,55.0,1.1976,10.0,True,6,67.5,0.01778,-6.18401,-0.41704,3,3
2022,dutch_grand_prix,Q,SAI,2022_dutch_grand_prix_Q_SAI_011,SOFT,dry,70.814,70.057,-0.757,14.59,0.53,46.5,2.613,3.8395,1.2505,False,8.0,1.1756,10.0,True,14,135.9,0.02055,-6.01586,-0.59876,6,6
2022,dutch_grand_prix,Q,VER,2022_dutch_grand_prix_Q_VER_005,SOFT,dry,70.927,70.841,-0.086,13.6,0.47,42.6,2.4754,4.1372,1.2559,False,8.0,1.1756,-15.0,True,16,149.6,0.02285,-6.00474,-0.66644,6,6
2022,dutch_grand_prix,Q,PER,2022_dutch_grand_prix_Q_PER_010,SOFT,dry,71.314,71.232,-0.082,14.63,-0.06,52.2,2.368,4.4446,1.2223,False,8.0,1.1756,-5.0,True,16,140.7,0.02433,-5.92706,-0.74728,6,6
2022,dutch_grand_prix,R,RUS,2022_dutch_grand_prix_R_RUS_071,SOFT,dry,75.535,74.986,-0.549,17.88,0.88,61.9,2.3571,3.4541,1.4502,False,6.0,1.1931,5.0,True,8,87.2,0.02001,-5.17119,-0.59755,6,6
2022,dutch_grand_prix,R,HAM,2022_dutch_grand_prix_R_HAM_031,HARD,dry,75.801,75.099,-0.702,14.18,0.89,42.7,2.3859,3.6657,1.422,False,65.4,1.1931,0.0,True,9,100.3,0.01911,-5.06823,-0.57523,6,6
2022,dutch_grand_prix,R,VER,2022_dutch_grand_prix_R_VER_036,MEDIUM,dry,76.096,75.695,-0.401,16.01,1.09,44.9,2.1949,4.1948,1.2788,False,58.0,1.1931,-5.0,True,11,103.0,0.02116,-4.23224,-0.80148,6,6
2022,emilia_romagna_grand_prix,Q,SAI,2022_emilia_romagna_grand_prix_Q_SAI_007,SOFT,dry,79.56,78.957,-0.603,12.42,0.27,49.6,2.4285,3.2511,1.2433,False,8.0,1.2349,15.0,True,13,115.8,0.01872,-6.87298,-0.05013,2,2
2022,emilia_romagna_grand_prix,Q,LEC,2022_emilia_romagna_grand_prix_Q_LEC_012,SOFT,dry,79.584,79.07,-0.514,12.36,-0.01,52.9,2.4662,3.2056,1.3087,False,8.0,1.2349,15.0,True,10,126.8,0.01834,-6.923,-0.0098,2,2
2022,emilia_romagna_grand_prix,Q,NOR,2022_emilia_romagna_grand_prix_Q_NOR_007,SOFT,dry,80.168,79.576,-0.592,12.47,0.0,63.8,2.3955,3.4508,1.3688,False,8.0,1.2349,20.0,True,9,112.9,0.01861,-6.90952,-0.0177,2,2
2022,emilia_romagna_grand_prix,R,VER,2022_emilia_romagna_grand_prix_R_VER_028,MEDIUM,dry,80.692,80.165,-0.527,12.21,0.44,54.9,2.3026,3.7984,1.2353,False,64.1,1.2331,15.0,True,9,111.3,0.01854,-6.73545,-0.1217,2,2
2022,emilia_romagna_grand_prix,R,PER,2022_emilia_romagna_grand_prix_R_PER_047,MEDIUM,dry,80.908,80.768,-0.14,13.45,0.29,63.0,1.996,4.8684,1.1732,False,31.9,1.231,15.0,True,8,100.0,0.02163,-6.7304,-0.33784,2,2
2022,emilia_romagna_grand_prix,R,LEC,2022_emilia_romagna_grand_prix_R_LEC_043,MEDIUM,dry,80.951,80.761,-0.19,12.85,0.34,58.6,2.0935,4.4538,1.2342,False,38.7,1.2319,15.0,True,7,87.3,0.02032,-6.80233,-0.23255,2,2
2022,french_grand_prix,Q,SAI,2022_french_grand_prix_Q_SAI_005,SOFT,dry,91.081,90.599,-0.482,12.75,-0.06,61.9,2.0677,5.2384,1.1749,False,8.0,1.1617,10.0,True,12,132.7,0.02975,-6.74384,-0.58306,4,4
2022,french_grand_prix,Q,LEC,2022_french_grand_prix_Q_LEC_010,SOFT,dry,91.216,89.55,-1.666,14.35,0.53,74.9,2.5954,2.968,1.1114,False,8.0,1.164,15.0,True,10,147.8,0.02265,-5.74241,-0.36262,4,4
2022,french_grand_prix,Q,VER,2022_french_grand_prix_Q_VER_010,SOFT,dry,91.217,90.214,-1.003,14.04,0.42,54.9,2.4221,3.2685,1.0265,False,8.0,1.1632,5.0,True,9,133.5,0.024,-5.53436,-0.51472,4,4
2022,french_grand_prix,R,SAI,2022_french_grand_prix_R_SAI_046,MEDIUM,dry,96.243,94.855,-1.388,14.83,0.61,71.3,2.0287,4.3994,1.2579,False,19.2,1.1656,15.0,True,8,117.4,0.02556,-5.55266,-0.57662,4,4
2022,french_grand_prix,R,VER,2022_french_grand_prix_R_VER_036,HARD,dry,98.053,96.368,-1.685,16.79,0.89,66.6,2.0811,3.4572,1.0849,False,39.3,1.1629,20.0,True,7,104.0,0.02507,-1.87772,-0.7186,4,4
2022,french_grand_prix,R,RUS,2022_french_grand_prix_R_RUS_035,HARD,dry,98.34,96.917,-1.423,15.31,0.81,57.4,2.0196,3.7688,1.1682,False,41.4,1.1636,25.0,True,7,104.8,0.02598,-3.08364,-0.60315,4,4
2022,hungarian_grand_prix,Q,VER,2022_hungarian_grand_prix_Q_VER_015,SOFT,dry,77.941,78.032,0.091,10.5,0.32,36.6,1.9872,4.4187,1.2796,False,8.0,1.196,0.0,True,7,80.3,0.02591,-5.1878,-1.10116,3,3
2022,hungarian_grand_prix,Q,HAM,2022_hungarian_grand_prix_Q_HAM_018,SOFT,dry,78.142,78.03,-0.112,9.8,0.32,37.0,2.0021,4.2733,1.2049,False,8.0,1.1951,10.0,True,7,78.9,0.02543,-4.75386,-1.13645,3,3
2022,hungarian_grand_prix,Q,ALO,2022_hungarian_grand_prix_Q_ALO_013,SOFT,dry,78.303,78.269,-0.034,10.16,-0.07,39.3,1.9474,4.5701,1.2602,False,8.0,1.1951,5.0,True,6,68.3,0.02651,-5.0517,-1.15203,3,3
2022,hungarian_grand_prix,R,LEC,2022_hungarian_grand_prix_R_LEC_033,MEDIUM,dry,83.365,83.362,-0.003,11.06,0.24,37.8,1.6185,5.9461,1.3275,False,61.1,1.2107,5.0,True,10,111.6,0.02754,-4.99613,-1.46746,3,3
2022,hungarian_grand_prix,R,VER,2022_hungarian_grand_prix_R_VER_062,MEDIUM,dry,83.454,83.469,0.015,12.98,0.32,40.9,1.6379,5.4079,1.4304,False,16.8,1.2124,15.0,True,13,121.3,0.02767,-5.3695,-1.34996,3,3
2022,hungarian_grand_prix,R,HAM,2022_hungarian_grand_prix_R_HAM_031,MEDIUM,dry,83.611,83.755,0.144,10.99,0.2,35.0,1.6484,5.6887,1.4668,False,64.1,1.2107,5.0,True,9,101.1,0.02625,-5.0849,-1.33225,3,3
2022,italian_grand_prix,Q,LEC,2022_italian_grand_prix_Q_LEC_012,SOFT,dry,80.161,79.436,-0.725,11.1,-0.36,60.2,1.7411,6.5,0.9263,True,8.0,1.1725,10.0,True,12,174.4,0.02937,-6.86222,-0.91333,5,5
2022,italian_grand_prix,Q,SAI,2022_italian_grand_prix_Q_SAI_008,SOFT,dry,80.584,79.735,-0.849,12.23,-0.26,75.4,1.7169,6.5,0.9143,True,8.0,1.1737,5.0,True,12,174.9,0.02919,-6.80405,-0.88896,5,5
2022,italian_grand_prix,Q,VER,2022_italian_grand_prix_Q_VER_005,SOFT,dry,80.922,80.005,-0.917,11.88,0.1,53.3,1.7428,6.5,0.9974,True,8.0,1.1749,5.0,True,11,159.9,0.02894,-6.94587,-0.85517,5,5
2022,italian_grand_prix,R,HAM,2022_italian_grand_prix_R_HAM_038,SOFT,dry,84.82,83.828,-0.992,13.04,0.05,47.9,1.6337,6.5,1.1374,True,25.8,1.171,10.0,True,13,189.6,0.02599,-7.16005,-0.54572,5,5
2022,italian_grand_prix,R,LEC,2022_italian_grand_prix_R_LEC_024,MEDIUM,dry,85.365,84.374,-0.991,12.93,0.01,43.9,1.6121,6.4999,1.0569,True,57.6,1.1714,5.0,True,11,162.4,0.02557,-6.97844,-0.57892,5,5
2022,italian_grand_prix,R,VER,2022_italian_grand_prix_R_VER_023,SOFT,dry,85.719,84.993,-0.726,13.76,-0.01,50.5,1.603,6.5,1.1062,True,59.9,1.171,5.0,True,11,161.2,0.02516,-7.00059,-0.53788,5,5
2022,japanese_grand_prix,Q,PER,2022_japanese_grand_prix_Q_PER_008,SOFT,dry,89.925,88.965,-0.96,14.48,0.27,66.8,2.2492,4.1948,1.2161,False,8.0,1.2037,10.0,True,9,135.6,0.02703,-6.08529,-0.69181,5,5
2022,japanese_grand_prix,Q,VER,2022_japanese_grand_prix_Q_VER_005,SOFT,dry,90.346,89.719,-0.627,14.21,0.13,63.6,2.1043,4.6457,1.2054,False,8.0,1.2037,15.0,True,8,118.5,0.02863,-6.15178,-0.81584,5,5
2022,japanese_grand_prix,Q,OCO,2022_japanese_grand_prix_Q_OCO_011,SOFT,dry,90.357,89.498,-0.859,14.15,0.07,74.9,2.1655,4.4877,1.245,False,8.0,1.2037,0.0,True,7,104.3,0.02788,-6.1579,-0.74351,5,5
2022,japanese_grand_prix,R,ALO,2022_japanese_grand_prix_R_ALO_025,INTERMEDIATE,inter,104.412,103.731,-0.681,16.03,0.51,61.2,1.3552,6.4996,1.4576,True,18.3,1.2212,15.0,True,12,176.9,0.03596,-6.3879,-1.13833,5,5
2022,japanese_grand_prix,R,ZHO,2022_japanese_grand_prix_R_ZHO_021,INTERMEDIATE,inter,106.464,105.596,-0.868,17.9,1.44,65.5,1.3181,6.5,1.4341,True,33.6,1.2212,35.0,True,10,149.3,0.03461,-6.28355,-1.39018,5,5
2022,japanese_grand_prix,R,GAS,2022_japanese_grand_prix_R_GAS_023,INTERMEDIATE,inter,106.686,105.962,-0.724,16.93,1.14,55.8,1.3075,6.5,1.4755,True,25.9,1.2212,30.0,True,11,164.7,0.03484,-6.33488,-1.36805,5,5
2022,mexico_city_grand_prix,Q,HAM,2022_mexico_city_grand_prix_Q_HAM_018,SOFT,dry,78.084,77.836,-0.248,10.93,-0.73,48.1,1.7194,4.7164,0.8896,False,8.0,1.1827,5.0,True,8,87.8,0.02072,-6.67642,-0.67992,5,5
2022,mexico_city_grand_prix,Q,SAI,2022_mexico_city_grand_prix_Q_SAI_010,SOFT,dry,78.56,78.279,-0.281,10.06,-0.78,45.3,1.702,4.6858,0.893,False,8.0,1.1792,0.0,True,7,76.8,0.02068,-6.6568,-0.69597,5,5
2022,mexico_city_grand_prix,Q,VER,2022_mexico_city_grand_prix_Q_VER_009,SOFT,dry,78.566,77.811,-0.755,11.61,-0.39,47.8,1.7435,4.4784,0.8662,False,8.0,1.1792,10.0,True,7,77.9,0.02029,-6.52882,-0.67977,5,5
2022,mexico_city_grand_prix,R,HAM,2022_mexico_city_grand_prix_R_HAM_044,HARD,dry,82.567,82.279,-0.288,10.95,-0.55,45.5,1.5682,4.9115,1.0365,False,45.2,1.1863,15.0,True,9,90.6,0.01903,-6.81679,-0.68726,5,5
2022,mexico_city_grand_prix,R,VER,2022_mexico_city_grand_prix_R_VER_063,MEDIUM,dry,82.72,82.827,0.107,10.91,-0.81,42.7,1.5052,5.0062,0.9764,False,16.6,1.1863,5.0,True,6,67.0,0.02024,-6.80617,-0.77729,5,5
2022,mexico_city_grand_prix,R,RUS,2022_mexico_city_grand_prix_R_RUS_041,HARD,dry,82.858,83.203,0.345,12.58,-0.78,48.8,1.5378,4.8598,1.0381,False,49.7,1.1855,5.0,True,5,56.8,0.01865,-6.76094,-0.68419,5,5
2022,miami_grand_prix,Q,LEC,2022_miami_grand_prix_Q_LEC_017,SOFT,dry,89.42,88.278,-1.142,15.79,-0.35,61.5,1.7731,6.4557,1.0996,False,8.0,1.153,5.0,True,16,176.1,0.02735,-6.90904,-0.67979,3,3
2022,miami_grand_prix,Q,HAM,2022_miami_grand_prix_Q_HAM_014,SOFT,dry,89.993,88.564,-1.429,16.59,-0.09,57.9,1.7636,6.5,1.1235,True,8.0,1.1519,0.0,True,12,164.6,0.02728,-6.96109,-0.67079,3,3
2022,miami_grand_prix,Q,TSU,2022_miami_grand_prix_Q_TSU_014,SOFT,dry,90.031,88.65,-1.381,15.34,-0.13,56.9,1.7685,6.2826,1.0823,False,8.0,1.1526,5.0,True,13,126.6,0.02718,-6.89745,-0.7478,3,3
2022,miami_grand_prix,R,VER,2022_miami_grand_prix_R_VER_022,MEDIUM,dry,93.193,91.898,-1.295,15.62,-0.07,52.3,1.716,6.5,1.1952,True,70.6,1.1652,10.0,True,11,151.9,0.02401,-6.94691,-0.70039,3,3
2022,miami_grand_prix,R,LEC,2022_miami_grand_prix_R_LEC_022,MEDIUM,dry,93.579,91.776,-1.803,14.82,-0.01,50.0,1.7138,6.4999,1.1674,True,70.6,1.1652,5.0,True,11,140.0,0.02412,-6.93331,-0.71617,3,3
2022,miami_grand_prix,R,SAI,2022_miami_grand_prix_R_SAI_030,HARD,dry,93.747,91.764,-1.983,14.38,0.11,55.4,1.7184,6.5,1.2404,True,55.6,1.164,0.0,True,11,151.3,0.02443,-6.97502,-0.68179,3,3
2022,monaco_grand_prix,Q,LEC,2022_monaco_grand_prix_Q_LEC_011,SOFT,dry,72.092,72.101,0.009,13.97,0.74,45.9,1.9236,6.5,1.2797,True,8.0,1.176,5.0,True,12,101.3,0.02005,-4.01007,-0.78996,2,2
2022,monaco_grand_prix,Q,SAI,2022_monaco_grand_prix_Q_SAI_006,SOFT,dry,72.616,73.254,0.638,14.37,0.23,54.5,1.8505,6.5,1.2219,True,8.0,1.1788,0.0,True,11,94.3,0.01993,-3.8472,-0.80472,2,2
2022,monaco_grand_prix,Q,ALO,2022_monaco_grand_prix_Q_ALO_013,SOFT,dry,72.721,73.582,0.861,14.56,0.18,44.5,1.843,6.5,1.3206,True,8.0,1.1756,10.0,True,13,113.7,0.01971,-4.07521,-0.7795,2,2
2022,monaco_grand_prix,R,PER,2022_monaco_grand_prix_R_PER_045,MEDIUM,dry,76.773,77.692,0.919,15.81,0.2,50.8,1.6688,6.5,1.4138,True,36.4,1.1935,10.0,True,11,95.2,0.01828,-4.03564,-0.76098,2,2
2022,monaco_grand_prix,R,NOR,2022_monaco_grand_prix_R_NOR_054,MEDIUM,dry,76.975,78.393,1.418,15.38,-0.03,51.8,1.6235,6.5,1.3942,True,21.4,1.1939,10.0,True,14,120.2,0.01863,-4.05957,-0.79673,2,2
2022,monaco_grand_prix,R,SAI,2022_monaco_grand_prix_R_SAI_051,HARD,dry,77.245,78.363,1.118,17.27,-0.01,53.4,1.6223,6.5,1.2948,True,26.4,1.1939,15.0,True,10,87.5,0.01866,-3.41151,-0.81498,2,2
2022,sao_paulo_grand_prix,Q,VER,2022_sao_paulo_grand_prix_Q_VER_014,SOFT,dry,71.876,72.628,0.752,11.18,-0.07,46.3,1.8615,4.2032,1.0871,False,8.0,1.2074,10.0,True,9,83.2,0.01896,-6.64434,-0.43015,2,2
2022,sao_paulo_grand_prix,Q,GAS,2022_sao_paulo_grand_prix_Q_GAS_015,SOFT,dry,72.133,72.635,0.502,10.19,-0.13,40.3,1.8996,3.9446,1.0939,False,8.0,1.2078,15.0,True,7,82.6,0.01819,-6.61316,-0.41457,2,2
2022,sao_paulo_grand_prix,Q,LEC,2022_sao_paulo_grand_prix_Q_LEC_014,SOFT,dry,72.197,72.438,0.241,10.79,-0.01,42.8,1.9241,3.9774,1.1453,False,8.0,1.2078,20.0,True,10,77.9,0.01815,-6.70462,-0.35553,2,2
2022,sao_paulo_grand_prix,R,OCO,2022_sao_paulo_grand_prix_R_OCO_070,SOFT,dry,75.631,76.589,0.958,11.07,-0.22,42.5,1.562,5.3583,1.271,False,6.0,1.1992,15.0,True,8,89.5,0.02026,-6.83563,-0.54588,2,2
2022,sao_paulo_grand_prix,R,SAI,2022_sao_paulo_grand_prix_R_SAI_046,MEDIUM,dry,75.862,76.273,0.411,10.49,0.01,39.4,1.6017,5.4019,1.2273,False,42.2,1.1964,10.0,True,8,89.6,0.01933,-6.75163,-0.53528,2,2
2022,sao_paulo_grand_prix,R,HAM,2022_sao_paulo_grand_prix_R_HAM_047,MEDIUM,dry,76.016,76.874,0.858,11.6,0.01,42.9,1.6102,5.0444,1.2571,False,40.7,1.196,20.0,True,10,89.0,0.01855,-6.70771,-0.50406,2,2
2022,saudi_arabian_grand_prix,Q,SAI,2022_saudi_arabian_grand_prix_Q_SAI_014,SOFT,dry,88.686,89.038,0.352,12.1,-0.66,58.0,2.8,2.904,1.1967,True,8.0,1.1911,30.0,True,11,175.7,0.02224,-6.59622,-0.09255,4,4
2022,saudi_arabian_grand_prix,Q,LEC,2022_saudi_arabian_grand_prix_Q_LEC_013,SOFT,dry,88.78,89.135,0.355,12.6,-0.85,58.2,2.8,2.8175,1.1767,True,8.0,1.1911,35.0,True,11,173.7,0.02199,-6.58464,-0.11436,4,4
2022,saudi_arabian_grand_prix,Q,VER,2022_saudi_arabian_grand_prix_Q_VER_017,SOFT,dry,89.239,89.436,0.197,13.82,-0.31,59.3,2.8,2.5,1.0888,True,8.0,1.1911,35.0,True,13,205.2,0.0217,-6.37099,-0.09107,4,4
2022,saudi_arabian_grand_prix,R,SAI,2022_saudi_arabian_grand_prix_R_SAI_030,HARD,dry,93.004,92.635,-0.369,12.9,0.01,57.7,2.8,2.5,1.3422,True,47.9,1.1819,40.0,True,14,218.9,0.01894,-6.7758,0.14928,4,4
2022,saudi_arabian_grand_prix,R,LEC,2022_saudi_arabian_grand_prix_R_LEC_037,HARD,dry,93.102,92.911,-0.191,13.88,0.05,63.3,2.7304,2.5,1.3328,True,33.0,1.1819,30.0,True,11,173.0,0.01929,-6.81139,0.11456,4,4
2022,saudi_arabian_grand_prix,R,RUS,2022_saudi_arabian_grand_prix_R_RUS_030,HARD,dry,94.004,94.1,0.096,13.94,-0.21,58.1,2.6028,2.5,1.2879,True,47.9,1.1819,45.0,True,11,160.2,0.01938,-6.69045,0.05114,4,4
2022,singapore_grand_prix,Q,LEC,2022_singapore_grand_prix_Q_LEC_009,INTERMEDIATE,inter,112.343,111.596,-0.747,13.16,0.51,55.8,1.3953,6.5,1.384,True,8.0,1.1764,10.0,True,9,118.9,0.02923,-5.18493,-1.36282,6,6
2022,singapore_grand_prix,Q,HAM,2022_singapore_grand_prix_Q_HAM_018,SOFT,dry,113.082,112.111,-0.971,14.31,0.26,55.5,1.3775,6.5,1.29,True,8.0,1.1764,5.0,True,9,118.0,0.02941,-4.98739,-1.40332,6,6
2022,singapore_grand_prix,Q,ALO,2022_singapore_grand_prix_Q_ALO_015,INTERMEDIATE,inter,113.127,112.523,-0.604,13.94,0.5,54.5,1.3718,6.5,1.3665,True,8.0,1.1764,20.0,True,9,118.2,0.02918,-4.95831,-1.37957,6,6
2022,singapore_grand_prix,R,VER,2022_singapore_grand_prix_R_VER_046,SOFT,dry,111.824,112.132,0.308,16.12,-0.05,67.3,1.39,6.4987,1.2645,False,28.4,1.1749,20.0,True,14,182.0,0.02836,-4.84488,-1.37178,6,6
2022,singapore_grand_prix,R,BOT,2022_singapore_grand_prix_R_BOT_044,SOFT,dry,113.723,114.057,0.334,13.94,-0.06,59.8,1.3519,6.5,1.3647,True,32.0,1.1756,25.0,True,12,156.0,0.02779,-4.99242,-1.34496,6,6
2022,singapore_grand_prix,R,RUS,2022_singapore_grand_prix_R_RUS_034,MEDIUM,dry,114.795,115.435,0.64,13.44,-0.03,45.5,1.331,6.5,1.3502,True,50.2,1.1756,15.0,True,9,117.9,0.02679,-4.84524,-1.32803,6,6
2022,spanish_grand_prix,Q,VER,2022_spanish_grand_prix_Q_VER_008,SOFT,dry,79.219,78.855,-0.364,11.49,0.47,42.3,1.9223,5.78,1.2683,False,8.0,1.1455,10.0,True,15,169.8,0.02933,-6.75535,-1.05668,5,5
2022,spanish_grand_prix,Q,RUS,2022_spanish_grand_prix_Q_RUS_013,SOFT,dry,79.393,79.38,-0.013,12.02,0.33,47.7,1.7935,6.5,1.2307,True,8.0,1.1462,10.0,True,13,156.8,0.03192,-6.73216,-1.14964,5,5
2022,spanish_grand_prix,Q,SAI,2022_spanish_grand_prix_Q_SAI_008,SOFT,dry,79.453,78.931,-0.522,12.09,0.7,44.6,1.9072,5.8516,1.2607,False,8.0,1.1448,5.0,True,9,108.6,0.02956,-6.77734,-1.07662,5,5
2022,spanish_grand_prix,R,VER,2022_spanish_grand_prix_R_VER_033,SOFT,dry,86.799,86.087,-0.712,14.77,1.17,42.7,1.6294,6.5,1.4991,True,58.1,1.1378,25.0,True,13,154.8,0.02567,-6.71183,-1.13025,5,5
2022,spanish_grand_prix,R,PER,2022_spanish_grand_prix_R_PER_042,MEDIUM,dry,87.184,86.885,-0.299,14.8,1.18,40.0,1.5759,6.5,1.4514,True,43.5,1.1396,15.0,True,15,171.1,0.0265,-6.71491,-1.15785,5,5
2022,spanish_grand_prix,R,HAM,2022_spanish_grand_prix_R_HAM_042,MEDIUM,dry,87.351,86.031,-1.32,14.44,1.54,36.6,1.6158,6.5,1.5007,True,43.5,1.1396,20.0,True,12,143.9,0.02634,-6.75294,-1.15544,5,5
2022,united_states_grand_prix,Q,LEC,2022_united_states_grand_prix_Q_LEC_009,SOFT,dry,94.624,93.942,-0.682,13.62,0.74,72.2,1.9916,5.1638,1.2627,False,8.0,1.1667,10.0,True,8,102.3,0.02879,-6.47761,-0.79001,3,3
2022,united_states_grand_prix,Q,SAI,2022_united_states_grand_prix_Q_SAI_009,SOFT,dry,94.783,93.861,-0.922,12.9,0.69,59.8,2.0138,5.026,1.2535,False,8.0,1.1667,0.0,True,9,127.6,0.02831,-6.45449,-0.78759,3,3
2022,united_states_grand_prix,Q,VER,2022_united_states_grand_prix_Q_VER_009,SOFT,dry,95.044,94.675,-0.369,14.4,0.67,52.3,1.8981,5.455,1.195,False,8.0,1.1667,-5.0,True,12,159.3,0.02968,-6.33291,-0.93136,3,3
2022,united_states_grand_prix,R,PER,2022_united_states_grand_prix_R_PER_040,MEDIUM,dry,100.156,100.497,0.341,14.59,0.63,60.6,1.6503,6.2883,1.4351,False,35.5,1.1667,10.0,True,15,216.9,0.02939,-6.50124,-1.00924,3,3
2022,united_states_grand_prix,R,HAM,2022_united_states_grand_prix_R_HAM_044,HARD,dry,100.845,100.038,-0.807,15.11,1.39,62.8,1.6497,6.5,1.4889,True,27.8,1.1621,15.0,True,13,182.8,0.02938,-6.54913,-0.97401,3,3
2022,united_states_grand_prix,R,VER,2022_united_states_grand_prix_R_VER_026,HARD,dry,101.378,100.578,-0.8,15.76,0.83,80.4,1.7885,5.0917,1.3529,False,62.2,1.1652,0.0,True,12,169.4,0.02606,-6.36593,-0.8273,3,3
2023,abu_dhabi_grand_prix,Q,VER,2023_abu_dhabi_grand_prix_Q_VER_008,SOFT,dry,83.74,84.419,0.679,12.76,-0.97,53.2,2.1536,4.7492,1.0504,False,8.0,1.1768,30.0,True,7,95.8,0.02697,-6.1812,-0.81049,2,2
2023,abu_dhabi_grand_prix,Q,NOR,2023_abu_dhabi_grand_prix_Q_NOR_012,SOFT,dry,83.816,84.826,1.01,13.98,-1.39,64.4,2.0807,5.1415,1.1127,False,8.0,1.1784,20.0,True,8,108.4,0.02804,-6.33961,-0.80736,2,2
2023,abu_dhabi_grand_prix,Q,PER,2023_abu_dhabi_grand_prix_Q_PER_013,SOFT,dry,84.171,84.655,0.484,14.05,-0.89,66.0,2.1016,5.0189,1.081,False,8.0,1.1784,20.0,True,7,96.4,0.02775,-6.23497,-0.81964,2,2
2023,abu_dhabi_grand_prix,R,RUS,2023_abu_dhabi_grand_prix_R_RUS_043,HARD,dry,88.524,88.72,0.196,13.13,-0.45,44.0,2.0063,4.7193,1.2072,False,32.5,1.178,25.0,True,7,96.0,0.02592,-6.46187,-0.72486,2,2
2023,abu_dhabi_grand_prix,R,ALO,2023_abu_dhabi_grand_prix_R_ALO_040,HARD,dry,88.617,89.378,0.761,12.44,-0.36,52.5,1.7608,6.5,1.2599,True,38.1,1.1776,25.0,True,12,162.7,0.02885,-6.48644,-0.94548,2,2
2023,abu_dhabi_grand_prix,R,LEC,2023_abu_dhabi_grand_prix_R_LEC_056,HARD,dry,88.657,89.466,0.809,13.06,-0.19,46.7,1.713,6.5,1.2437,True,8.5,1.178,35.0,True,13,176.0,0.03023,-6.51319,-1.00669,2,2
2023,australian_grand_prix,Q,VER,2023_australian_grand_prix_Q_VER_020,SOFT,dry,77.262,77.118,-0.144,11.17,-0.23,40.2,2.2514,4.4813,1.122,False,8.0,1.2233,-10.0,True,8,108.7,0.02503,-7.11285,-0.70035,3,3
2023,australian_grand_prix,Q,HAM,2023_australian_grand_prix_Q_HAM_023,SOFT,dry,77.271,76.865,-0.406,11.66,-0.33,47.2,2.3282,4.2659,1.1317,False,8.0,1.2237,10.0,True,10,135.0,0.0244,-7.12172,-0.63871,3,3
2023,australian_grand_prix,Q,LEC,2023_australian_grand_prix_Q_LEC_021,SOFT,dry,77.535,77.514,-0.021,11.14,-0.53,50.6,2.2733,4.2571,1.1287,False,8.0,1.2237,-10.0,True,13,126.2,0.02404,-7.07154,-0.6076,3,3
2023,australian_grand_prix,R,SAI,2023_australian_grand_prix_R_SAI_051,HARD,dry,80.826,80.511,-0.315,10.81,-0.17,38.9,2.1657,4.0944,1.2385,False,9.1,1.2145,0.0,True,9,122.0,0.02196,-7.18689,-0.34946,3,3
2023,australian_grand_prix,R,NOR,2023_australian_grand_prix_R_NOR_052,HARD,dry,81.352,81.523,0.171,11.62,-0.33,47.6,1.9227,5.2975,1.3436,False,7.0,1.2145,5.0,True,10,128.0,0.02486,-7.10381,-0.58352,3,3
2023,australian_grand_prix,R,STR,2023_australian_grand_prix_R_STR_038,HARD,dry,81.451,81.636,0.185,10.96,-0.37,55.2,1.9959,4.8749,1.2666,False,35.3,1.2132,-15.0,True,8,110.7,0.02291,-7.07408,-0.48637,3,3
2023,austrian_grand_prix,Q,VER,2023_austrian_grand_prix_Q_VER_006,SOFT,dry,65.116,65.132,0.016,14.02,-0.35,54.4,1.9073,6.1547,0.9367,False,8.0,1.1764,5.0,True,12,134.0,0.02471,-3.97998,-0.82959,5,5
2023,austrian_grand_prix,Q,PER,2023_austrian_grand_prix_Q_PER_009,SOFT,dry,65.177,64.716,-0.461,15.04,-0.11,56.4,2.0787,5.2294,0.9178,False,8.0,1.1768,5.0,True,8,90.9,0.02287,-3.94933,-0.68004,5,5
2023,austrian_grand_prix,Q,SAI,2023_austrian_grand_prix_Q_SAI_006,SOFT,dry,65.339,65.357,0.018,13.46,-0.63,52.6,1.9536,5.6633,0.9135,False,8.0,1.1764,10.0,True,14,122.4,0.0236,-3.63467,-0.75034,5,5
2023,austrian_grand_prix,R,STR,2023_austrian_grand_prix_R_STR_065,MEDIUM,dry,68.99,68.685,-0.305,13.45,0.1,50.3,1.8298,5.5628,1.1727,False,13.5,1.1927,0.0,True,10,113.4,0.02146,-4.77254,-0.52869,5,5
2023,austrian_grand_prix,R,PER,2023_austrian_grand_prix_R_PER_036,MEDIUM,dry,69.321,69.291,-0.03,14.41,0.08,52.5,1.7591,6.1918,1.1218,False,57.3,1.1939,15.0,True,22,230.9,0.02139,-4.1074,-0.61686,5,5
2023,austrian_grand_prix,R,VER,2023_austrian_grand_prix_R_VER_047,HARD,dry,69.451,69.506,0.055,14.14,-0.32,50.0,1.6746,6.469,1.078,False,40.7,1.1947,0.0,True,17,149.5,0.02252,-4.36719,-0.68336,4,4
2023,azerbaijan_grand_prix,Q,LEC,2023_azerbaijan_grand_prix_Q_LEC_014,SOFT,dry,101.037,103.345,2.308,10.26,-2.01,48.9,1.9758,4.6922,1.0553,False,8.0,1.2062,-5.0,True,7,110.2,0.02407,-7.90458,-0.02048,2,2
2023,azerbaijan_grand_prix,Q,VER,2023_azerbaijan_grand_prix_Q_VER_007,SOFT,dry,101.398,104.393,2.995,12.3,-1.88,58.9,1.8953,4.8409,1.0424,False,8.0,1.2074,-20.0,True,8,123.2,0.02418,-7.85449,-0.13771,2,2
2023,azerbaijan_grand_prix,Q,SAI,2023_azerbaijan_grand_prix_Q_SAI_014,SOFT,dry,101.517,103.699,2.182,10.65,-1.91,56.3,1.9635,4.6939,1.0741,False,8.0,1.2066,5.0,True,7,110.9,0.02397,-7.87297,-0.02839,2,2
2023,azerbaijan_grand_prix,R,RUS,2023_azerbaijan_grand_prix_R_RUS_051,SOFT,dry,103.37,106.768,3.398,11.17,-1.77,73.4,1.7571,5.4668,1.1251,False,5.1,1.1851,-5.0,True,8,124.6,0.02469,-7.92647,-0.15637,2,2
2023,azerbaijan_grand_prix,R,PER,2023_azerbaijan_grand_prix_R_PER_027,HARD,dry,105.521,108.859,3.338,11.14,-1.07,55.6,1.6404,6.403,1.1127,False,55.5,1.1823,10.0,True,12,184.3,0.02467,-7.88435,-0.23114,2,2
2023,azerbaijan_grand_prix,R,ALO,2023_azerbaijan_grand_prix_R_ALO_036,HARD,dry,106.079,108.996,2.917,11.4,-0.88,71.4,1.5944,6.5,1.0631,True,36.6,1.1823,5.0,True,11,169.9,0.02568,-7.95429,-0.33121,2,2
2023,bahrain_grand_prix,Q,LEC,2023_bahrain_grand_prix_Q_LEC_013,SOFT,dry,90.282,89.024,-1.258,12.61,0.31,68.3,2.3239,2.684,1.0809,False,8.0,1.1895,5.0,True,11,131.4,0.02079,-6.16557,-0.21871,6,6
2023,bahrain_grand_prix,Q,VER,2023_bahrain_grand_prix_Q_VER_008,SOFT,dry,90.503,89.809,-0.694,13.79,0.48,66.1,2.266,2.7563,1.1295,False,8.0,1.1887,5.0,True,8,111.1,0.02078,-6.14695,-0.22348,6,6
2023,bahrain_grand_prix,Q,HAM,2023_bahrain_grand_prix_Q_HAM_011,SOFT,dry,90.513,90.433,-0.08,11.9,0.53,55.0,1.7385,6.5,1.1684,True,8.0,1.1895,10.0,True,18,248.4,0.02695,-6.3587,-0.61133,6,6
2023,bahrain_grand_prix,R,TSU,2023_bahrain_grand_prix_R_TSU_045,SOFT,dry,97.021,96.451,-0.57,14.27,0.96,56.5,1.7534,4.0507,1.2963,False,27.4,1.1784,15.0,True,6,73.7,0.02225,-6.48073,-0.42305,6,6
2023,bahrain_grand_prix,R,PER,2023_bahrain_grand_prix_R_PER_046,HARD,dry,97.257,97.003,-0.254,14.01,0.33,52.6,1.9285,2.5,1.2905,True,25.5,1.1784,15.0,True,8,111.7,0.01861,-6.40533,-0.2253,6,6
2023,bahrain_grand_prix,R,VER,2023_bahrain_grand_prix_R_VER_023,SOFT,dry,97.552,98.015,0.463,14.77,0.35,53.0,1.795,3.4741,1.3321,False,68.7,1.1768,20.0,True,6,85.6,0.01955,-6.34526,-0.31034,6,6
2023,belgian_grand_prix,Q,NOR,2023_belgian_grand_prix_Q_NOR_017,SOFT,dry,108.701,108.553,-0.148,11.79,0.01,64.4,1.5587,6.5,1.1685,True,8.0,1.2037,0.0,True,15,265.3,0.03349,-7.44145,-0.88736,4,4
2023,belgian_grand_prix,Q,SAI,2023_belgian_grand_prix_Q_SAI_015,SOFT,dry,114.689,113.212,-1.477,12.73,0.88,62.0,1.3984,6.5,1.0945,True,8.0,1.2045,-10.0,True,10,178.2,0.04475,-7.09305,-1.37063,4,4
2023,belgian_grand_prix,Q,RUS,2023_belgian_grand_prix_Q_RUS_015,SOFT,dry,114.934,113.819,-1.115,15.61,0.6,103.1,1.3965,6.5,1.1556,True,8.0,1.2045,10.0,True,11,184.0,0.04406,-7.05098,-1.26155,4,4
2023,belgian_grand_prix,R,SAR,2023_belgian_grand_prix_R_SAR_038,SOFT,dry,110.818,111.053,0.235,12.25,-0.21,62.9,1.4271,6.5,0.9308,True,20.0,1.2091,5.0,True,12,214.4,0.04632,-7.08987,-1.52709,3,3
2023,belgian_grand_prix,R,RIC,2023_belgian_grand_prix_R_RIC_025,MEDIUM,dry,110.994,111.765,0.771,11.67,-0.27,56.8,1.4551,6.5,1.0147,True,51.6,1.2166,-5.0,True,13,232.1,0.04313,-6.58565,-1.3275,4,4
2023,belgian_grand_prix,R,VER,2023_belgian_grand_prix_R_VER_026,MEDIUM,dry,111.377,111.727,0.35,12.34,-0.18,54.6,1.5915,5.6475,1.1502,False,49.2,1.2166,0.0,True,9,147.4,0.03776,-7.03508,-0.96998,4,4
2023,british_grand_prix,Q,PIA,2023_british_grand_prix_Q_PIA_019,SOFT,dry,87.845,87.613,-0.232,10.66,-0.78,39.4,2.0256,4.3158,1.2198,False,8.0,1.196,10.0,True,8,121.2,0.02619,-2.88153,-0.6789,5,5
2023,british_grand_prix,Q,NOR,2023_british_grand_prix_Q_NOR_017,SOFT,dry,88.042,88.225,0.183,10.32,-0.83,37.6,1.8959,4.7525,1.1931,False,8.0,1.1972,0.0,True,12,136.7,0.02791,-2.52174,-0.82398,5,5
2023,british_grand_prix,Q,ALB,2023_british_grand_prix_Q_ALB_018,SOFT,dry,88.067,87.959,-0.108,9.72,-0.61,35.1,1.9772,4.2403,1.1191,False,8.0,1.1968,10.0,True,7,107.2,0.02977,-5.07632,-0.76459,5,5
2023,british_grand_prix,R,PER,2023_british_grand_prix_R_PER_049,SOFT,dry,91.36,91.867,0.507,10.86,-0.72,40.9,1.5085,6.4995,1.2476,True,11.2,1.198,15.0,True,17,253.0,0.03261,-2.27012,-1.21354,5,5
2023,british_grand_prix,R,VER,2023_british_grand_prix_R_VER_025,MEDIUM,dry,92.295,92.238,-0.057,12.13,-0.45,48.0,1.5794,6.3598,1.2828,False,60.6,1.2025,20.0,True,16,206.3,0.02959,-2.35872,-1.08958,5,5
2023,british_grand_prix,R,DEV,2023_british_grand_prix_R_DEV_030,MEDIUM,dry,92.564,92.177,-0.387,11.01,-0.14,40.3,1.6836,5.1974,1.1423,False,50.3,1.2,10.0,True,11,123.7,0.03203,-5.65827,-1.15575,5,5
2023,canadian_grand_prix,Q,ALO,2023_canadian_grand_prix_Q_ALO_011,INTERMEDIATE,inter,81.481,82.023,0.542,13.59,0.28,54.8,1.3437,6.5,1.1527,True,8.0,1.2178,5.0,True,9,102.3,0.02277,-6.33412,-0.79365,4,4
2023,canadian_grand_prix,Q,VER,2023_canadian_grand_prix_Q_VER_009,INTERMEDIATE,inter,81.739,82.466,0.727,13.96,0.32,43.0,1.332,6.5,1.1878,True,8.0,1.2182,5.0,True,9,102.5,0.02261,-6.37394,-0.77738,4,4
2023,canadian_grand_prix,Q,LEC,2023_canadian_grand_prix_Q_LEC_011,INTERMEDIATE,inter,81.843,82.696,0.853,13.59,0.12,49.3,1.3132,6.5,1.1129,True,8.0,1.2178,0.0,True,11,124.4,0.02284,-6.34472,-0.81044,4,4
2023,canadian_grand_prix,R,SAI,2023_canadian_grand_prix_R_SAI_062,HARD,dry,76.186,76.5,0.314,10.14,-0.14,41.1,1.6437,5.9322,1.1313,False,16.8,1.2078,0.0,True,10,112.1,0.02202,-6.35762,-0.67105,4,4
2023,canadian_grand_prix,R,ALO,2023_canadian_grand_prix_R_ALO_043,HARD,dry,76.258,76.507,0.249,12.45,-0.25,49.1,1.8021,4.9876,1.2358,False,45.8,1.207,5.0,True,9,101.4,0.01904,-6.44754,-0.45405,4,4
2023,canadian_grand_prix,R,LEC,2023_canadian_grand_prix_R_LEC_065,HARD,dry,76.266,77.083,0.817,9.1,-0.5,30.9,1.5517,6.5,1.1057,True,12.2,1.2074,-5.0,True,12,137.7,0.02339,-6.33238,-0.75394,4,4
2023,dutch_grand_prix,Q,VER,2023_dutch_grand_prix_Q_VER_017,INTERMEDIATE,inter,80.282,77.564,-2.718,18.74,3.52,82.8,1.7598,6.5,1.3729,True,8.0,1.2178,20.0,True,10,111.0,0.02832,-4.73395,-1.14637,5,5
2023,dutch_grand_prix,Q,ALB,2023_dutch_grand_prix_Q_ALB_016,INTERMEDIATE,inter,80.976,78.788,-2.188,17.98,3.39,57.8,1.7111,6.5,1.4204,True,8.0,1.2182,15.0,True,11,122.6,0.02765,-4.26658,-1.20548,5,5
2023,dutch_grand_prix,Q,NOR,2023_dutch_grand_prix_Q_NOR_010,INTERMEDIATE,inter,81.276,79.518,-1.758,16.59,2.12,53.1,1.6726,6.5,1.3625,True,8.0,1.2116,20.0,True,11,122.6,0.02753,-4.1155,-1.20955,5,5
2023,dutch_grand_prix,R,PIA,2023_dutch_grand_prix_R_PIA_053,MEDIUM,dry,74.441,73.951,-0.49,17.45,0.73,65.4,2.124,5.487,1.3334,False,32.7,1.2149,10.0,True,18,139.4,0.02569,-6.15302,-0.77571,5,5
2023,dutch_grand_prix,R,HAM,2023_dutch_grand_prix_R_HAM_049,SOFT,dry,74.708,74.655,-0.053,16.94,0.59,57.4,2.129,5.3832,1.4285,False,38.7,1.2132,5.0,True,11,114.2,0.02448,-5.96667,-0.73561,5,5
2023,dutch_grand_prix,R,OCO,2023_dutch_grand_prix_R_OCO_056,SOFT,dry,74.953,74.915,-0.038,16.11,0.61,57.4,1.9391,6.3746,1.3685,False,28.3,1.2157,5.0,True,9,99.9,0.02468,-6.23389,-0.94176,5,5
2023,hungarian_grand_prix,Q,VER,2023_hungarian_grand_prix_Q_VER_020,SOFT,dry,76.632,76.079,-0.553,10.58,0.44,35.4,1.9856,5.1682,1.1978,False,8.0,1.1788,5.0,True,7,80.3,0.02736,-4.81039,-1.20447,3,3
2023,hungarian_grand_prix,Q,HAM,2023_hungarian_grand_prix_Q_HAM_016,SOFT,dry,76.738,75.762,-0.976,11.59,0.58,48.2,2.1691,4.2294,1.221,False,8.0,1.1792,10.0,True,10,113.8,0.02408,-4.75532,-0.92756,3,3
2023,hungarian_grand_prix,Q,NOR,2023_hungarian_grand_prix_Q_NOR_016,SOFT,dry,76.904,76.532,-0.372,10.94,0.22,35.3,1.9362,5.3423,1.2052,False,8.0,1.1792,10.0,True,10,106.1,0.0278,-4.38014,-1.24144,3,3
2023,hungarian_grand_prix,R,PER,2023_hungarian_grand_prix_R_PER_031,MEDIUM,dry,83.346,83.166,-0.18,13.98,0.4,53.4,1.5967,6.5,1.322,True,64.1,1.1671,15.0,True,14,160.0,0.02642,-4.86171,-1.29673,3,3
2023,hungarian_grand_prix,R,VER,2023_hungarian_grand_prix_R_VER_033,HARD,dry,83.523,83.365,-0.158,13.51,0.69,45.7,1.5916,6.5,1.378,True,61.1,1.1671,15.0,True,14,159.4,0.0264,-4.79538,-1.28108,3,3
2023,hungarian_grand_prix,R,NOR,2023_hungarian_grand_prix_R_NOR_019,HARD,dry,83.543,82.879,-0.664,13.97,0.71,55.8,1.6402,6.4083,1.3612,False,82.5,1.1667,20.0,True,13,150.6,0.02542,-4.8928,-1.22992,3,3
2023,italian_grand_prix,Q,VER,2023_italian_grand_prix_Q_VER_014,MEDIUM,dry,80.937,80.596,-0.341,10.31,-0.3,46.9,1.6506,6.5,0.9411,True,8.0,1.1706,0.0,True,12,179.1,0.02668,-6.83229,-0.55413,4,4
2023,italian_grand_prix,Q,LEC,2023_italian_grand_prix_Q_LEC_014,MEDIUM,dry,80.977,80.167,-0.81,10.59,0.12,65.4,1.7721,5.763,0.9386,False,8.0,1.1706,0.0,True,13,171.2,0.02541,-6.82462,-0.43838,4,4
2023,italian_grand_prix,Q,PER,2023_italian_grand_prix_Q_PER_014,MEDIUM,dry,81.24,80.819,-0.421,10.97,-0.2,58.2,1.6376,6.5,0.9438,True,8.0,1.1706,0.0,True,14,197.8,0.02673,-6.78544,-0.54928,4,4
2023,italian_grand_prix,R,VER,2023_italian_grand_prix_R_VER_042,HARD,dry,85.912,85.461,-0.451,15.33,0.38,71.9,1.5022,6.1869,1.0395,False,24.0,1.164,-10.0,True,13,183.0,0.02676,-6.99912,-0.62556,4,4
2023,italian_grand_prix,R,HAM,2023_italian_grand_prix_R_HAM_051,MEDIUM,dry,86.093,85.669,-0.424,11.99,0.13,48.4,1.4407,6.5,1.0538,True,5.1,1.1644,10.0,True,13,194.7,0.02821,-7.07867,-0.65514,4,4
2023,italian_grand_prix,R,SAI,2023_italian_grand_prix_R_SAI_008,MEDIUM,dry,86.224,85.76,-0.464,12.37,-0.11,56.3,1.5503,6.4999,1.0497,True,95.3,1.1659,15.0,True,13,195.1,0.02499,-6.78884,-0.52231,4,4
2023,japanese_grand_prix,Q,VER,2023_japanese_grand_prix_Q_VER_008,SOFT,dry,89.012,87.96,-1.052,15.23,0.32,77.0,2.1334,5.1473,1.215,False,8.0,1.1808,10.0,True,8,119.9,0.0283,-6.33898,-0.61906,3,3
2023,japanese_grand_prix,Q,SAI,2023_japanese_grand_prix_Q_SAI_013,SOFT,dry,89.85,88.842,-1.008,15.17,0.06,75.6,2.0806,5.1598,1.232,False,8.0,1.1815,10.0,True,10,150.1,0.02809,-6.41606,-0.67805,3,3
2023,japanese_grand_prix,Q,NOR,2023_japanese_grand_prix_Q_NOR_002,SOFT,dry,90.063,88.765,-1.298,15.55,0.23,63.4,2.2985,4.158,1.2578,False,8.0,1.1753,5.0,True,14,153.5,0.02592,-6.35708,-0.4995,3,3
2023,japanese_grand_prix,R,NOR,2023_japanese_grand_prix_R_NOR_050,HARD,dry,96.942,96.265,-0.677,14.92,0.39,51.7,1.6561,5.8696,1.3349,False,11.1,1.1753,25.0,True,17,257.7,0.03051,-6.2857,-0.98973,3,3
2023,japanese_grand_prix,R,PIA,2023_japanese_grand_prix_R_PIA_050,HARD,dry,97.131,95.825,-1.306,15.53,0.59,55.2,1.8897,4.1872,1.2732,False,11.1,1.1753,20.0,True,6,91.1,0.02872,-6.24374,-0.67835,4,4
2023,japanese_grand_prix,R,HAM,2023_japanese_grand_prix_R_HAM_052,HARD,dry,97.352,96.759,-0.593,14.01,0.39,55.0,1.6469,5.7633,1.3481,False,7.0,1.1749,20.0,True,12,180.4,0.03044,-6.22614,-0.97209,3,3
2023,las_vegas_grand_prix,Q,RUS,2023_las_vegas_grand_prix_Q_RUS_014,SOFT,dry,93.351,93.968,0.617,12.6,-1.84,64.1,1.8985,3.617,0.8815,False,8.0,1.2237,5.0,True,8,129.1,0.02177,-7.71184,-0.0502,3,3
2023,las_vegas_grand_prix,Q,ALO,2023_las_vegas_grand_prix_Q_ALO_023,SOFT,dry,93.559,94.218,0.659,12.94,-1.84,58.1,1.954,3.3984,0.9463,False,8.0,1.2242,0.0,True,10,103.5,0.02102,-7.73819,0.03216,3,3
2023,las_vegas_grand_prix,Q,SAR,2023_las_vegas_grand_prix_Q_SAR_017,SOFT,dry,93.733,93.914,0.181,12.15,-1.44,58.7,1.8742,3.7191,0.8589,False,8.0,1.2237,0.0,True,7,113.3,0.02194,-7.69136,-0.08191,3,3
2023,las_vegas_grand_prix,R,RUS,2023_las_vegas_grand_prix_R_RUS_041,HARD,dry,96.692,97.67,0.978,15.94,-1.51,86.7,1.6227,4.5549,0.9093,False,24.4,1.2116,0.0,True,12,144.7,0.02385,-7.80327,-0.26124,3,3
2023,las_vegas_grand_prix,R,PIA,2023_las_vegas_grand_prix_R_PIA_040,HARD,dry,97.223,98.081,0.858,12.2,-1.41,54.8,1.6004,4.7342,0.9429,False,26.5,1.212,20.0,True,7,114.1,0.02326,-7.81772,-0.22217,3,3
2023,las_vegas_grand_prix,R,OCO,2023_las_vegas_grand_prix_R_OCO_035,HARD,dry,97.449,98.491,1.042,13.42,-1.54,66.0,1.6672,4.2733,0.9992,False,37.2,1.212,10.0,True,5,82.8,0.0221,-7.75668,-0.19185,3,3
2023,mexico_city_grand_prix,Q,SAI,2023_mexico_city_grand_prix_Q_SAI_016,SOFT,dry,77.384,76.902,-0.482,8.91,-0.08,33.9,1.7036,5.0772,0.8448,False,8.0,1.1804,0.0,True,7,79.0,0.02223,-6.56329,-0.88981,7,7
2023,mexico_city_grand_prix,Q,VER,2023_mexico_city_grand_prix_Q_VER_008,SOFT,dry,77.625,77.197,-0.428,9.77,-0.01,38.3,1.6764,5.2554,0.8743,False,8.0,1.1796,10.0,True,8,81.4,0.02259,-6.64523,-0.88212,7,7
2023,mexico_city_grand_prix,Q,RUS,2023_mexico_city_grand_prix_Q_RUS_015,SOFT,dry,77.676,77.63,-0.046,8.79,-0.2,39.9,1.6632,5.25,0.9133,False,8.0,1.1815,10.0,True,9,84.8,0.02239,-6.55732,-0.88439,7,7
2023,mexico_city_grand_prix,R,VER,2023_mexico_city_grand_prix_R_VER_056,HARD,dry,82.415,83.047,0.632,10.79,-0.3,37.7,1.3894,6.4573,0.9979,False,27.1,1.178,15.0,True,11,123.3,0.0232,-6.79473,-1.05554,7,7
2023,mexico_city_grand_prix,R,HAM,2023_mexico_city_grand_prix_R_HAM_050,MEDIUM,dry,82.772,82.906,0.134,11.63,-0.1,42.0,1.4855,5.5075,1.0834,False,36.2,1.1764,10.0,True,7,79.7,0.02049,-6.86728,-0.82226,7,7
2023,mexico_city_grand_prix,R,SAI,2023_mexico_city_grand_prix_R_SAI_054,HARD,dry,82.932,82.893,-0.039,10.04,-0.04,33.9,1.4288,5.9999,0.983,False,30.1,1.1776,20.0,True,8,90.3,0.02204,-6.76009,-0.96728,7,7
2023,miami_grand_prix,Q,VER,2023_miami_grand_prix_Q_VER_005,SOFT,dry,87.363,87.415,0.052,11.77,-0.55,45.3,1.9406,5.0939,1.0102,False,8.0,1.1686,10.0,True,7,100.0,0.02501,-6.90646,-0.67986,4,4
2023,miami_grand_prix,Q,PER,2023_miami_grand_prix_Q_PER_015,SOFT,dry,87.405,87.102,-0.303,11.34,-0.29,38.2,1.9434,5.1713,0.9968,False,8.0,1.1702,5.0,True,8,113.2,0.02532,-6.90465,-0.68522,4,4
2023,miami_grand_prix,Q,LEC,2023_miami_grand_prix_Q_LEC_010,SOFT,dry,87.514,86.364,-1.15,12.39,-0.2,61.2,2.1481,4.319,1.0751,False,8.0,1.171,5.0,True,7,98.4,0.02284,-6.96252,-0.4851,4,4
2023,miami_grand_prix,R,VER,2023_miami_grand_prix_R_VER_032,HARD,dry,91.293,90.982,-0.311,13.41,-0.53,37.3,1.8723,4.9029,1.0996,False,51.8,1.1741,0.0,True,7,98.4,0.02252,-7.01472,-0.5419,4,4
2023,miami_grand_prix,R,TSU,2023_miami_grand_prix_R_TSU_038,MEDIUM,dry,91.561,90.792,-0.769,13.34,-0.52,39.8,1.9492,4.3945,1.1399,False,40.5,1.176,10.0,True,6,86.8,0.0215,-7.07872,-0.44832,4,4
2023,miami_grand_prix,R,RUS,2023_miami_grand_prix_R_RUS_041,HARD,dry,91.78,91.358,-0.422,13.01,-0.6,45.7,1.917,4.4514,1.1824,False,34.9,1.1764,10.0,True,6,84.7,0.02155,-7.0753,-0.4418,4,4
2023,monaco_grand_prix,Q,VER,2023_monaco_grand_prix_Q_VER_014,SOFT,dry,72.038,72.272,0.234,14.52,0.31,44.6,1.8714,6.5,1.1912,True,8.0,1.1808,5.0,True,10,81.8,0.02044,-3.87016,-0.82053,2,2
2023,monaco_grand_prix,Q,SAI,2023_monaco_grand_prix_Q_SAI_014,SOFT,dry,72.303,72.402,0.099,14.79,0.32,47.0,1.8636,6.5,1.186,True,8.0,1.1804,5.0,True,10,88.4,0.02038,-3.85579,-0.8222,2,2
2023,monaco_grand_prix,Q,LEC,2023_monaco_grand_prix_Q_LEC_015,SOFT,dry,72.395,72.163,-0.232,15.21,0.45,46.6,1.8822,6.5,1.2392,True,8.0,1.1812,5.0,True,11,97.1,0.02035,-3.97591,-0.81074,2,2
2023,monaco_grand_prix,R,PER,2023_monaco_grand_prix_R_PER_037,MEDIUM,dry,76.706,76.55,-0.156,17.97,-0.5,59.1,1.9657,3.4926,1.3716,False,60.6,1.1827,10.0,True,9,61.3,0.01396,-2.70686,-0.40834,2,2
2023,monaco_grand_prix,R,SAI,2023_monaco_grand_prix_R_SAI_047,MEDIUM,dry,76.732,77.289,0.557,15.34,-0.08,43.9,1.6545,6.5,1.1505,True,46.9,1.1839,5.0,True,13,115.1,0.01852,-3.47868,-0.82023,2,2
2023,monaco_grand_prix,R,HAM,2023_monaco_grand_prix_R_HAM_046,HARD,dry,76.85,77.671,0.821,15.49,-0.22,46.3,1.6475,6.5,1.2766,True,48.3,1.1835,10.0,True,12,106.1,0.01831,-3.74888,-0.79388,2,2
2023,qatar_grand_prix,Q,NOR,2023_qatar_grand_prix_Q_NOR_014,SOFT,dry,84.703,84.187,-0.516,12.94,-0.11,61.6,2.2295,4.4447,1.2243,False,8.0,1.159,10.0,True,8,112.5,0.03096,-6.46106,-1.2037,3,3
2023,qatar_grand_prix,Q,PIA,2023_qatar_grand_prix_Q_PIA_016,SOFT,dry,84.753,84.261,-0.492,13.13,-0.09,48.3,2.2084,4.5491,1.2454,False,8.0,1.159,10.0,True,8,112.4,0.03135,-6.44624,-1.19922,3,3
2023,qatar_grand_prix,Q,VER,2023_qatar_grand_prix_Q_VER_010,SOFT,dry,84.758,84.361,-0.397,12.86,0.03,46.3,2.1996,4.5663,1.2504,False,8.0,1.1594,10.0,True,8,114.1,0.03138,-6.43847,-1.20273,3,3
2023,qatar_grand_prix,R,LEC,2023_qatar_grand_prix_R_LEC_049,MEDIUM,dry,86.148,85.768,-0.38,12.51,-0.09,45.6,2.3172,4.0018,1.3855,False,19.9,1.1602,5.0,True,9,126.5,0.02718,-6.61563,-0.96503,3,3
2023,qatar_grand_prix,R,PIA,2023_qatar_grand_prix_R_PIA_034,MEDIUM,dry,86.245,85.888,-0.357,13.24,-0.05,46.6,2.2246,4.5818,1.3726,False,48.1,1.1594,15.0,True,8,113.3,0.02853,-6.50559,-1.06638,3,3
2023,qatar_grand_prix,R,STR,2023_qatar_grand_prix_R_STR_054,MEDIUM,dry,86.537,86.081,-0.456,13.26,-0.01,50.5,2.1746,4.4019,1.327,False,10.5,1.1606,5.0,True,9,117.4,0.0295,-6.66159,-1.13817,3,3
2023,sao_paulo_grand_prix,Q,NOR,2023_sao_paulo_grand_prix_Q_NOR_006,SOFT,dry,70.323,71.343,1.02,11.23,-0.36,59.1,1.7726,6.0549,1.0919,False,8.0,1.1679,10.0,True,11,122.1,0.02232,-6.66407,-0.71901,3,3
2023,sao_paulo_grand_prix,Q,PIA,2023_sao_paulo_grand_prix_Q_PIA_008,SOFT,dry,70.33,70.936,0.606,11.19,-0.44,49.4,1.8388,5.7085,1.0926,False,8.0,1.1683,20.0,True,10,111.1,0.02169,-6.64085,-0.66272,3,3
2023,sao_paulo_grand_prix,Q,RUS,2023_sao_paulo_grand_prix_Q_RUS_008,SOFT,dry,70.34,71.218,0.878,12.42,-0.65,61.2,1.9094,5.1089,1.14,False,8.0,1.1659,5.0,True,8,89.6,0.02017,-6.72349,-0.53464,3,3
2023,sao_paulo_grand_prix,R,GAS,2023_sao_paulo_grand_prix_R_GAS_068,SOFT,dry,75.247,76.296,1.049,11.81,-0.22,46.9,1.4845,6.4999,1.1572,True,9.0,1.2054,15.0,True,13,144.1,0.0222,-6.79795,-0.71943,2,2
2023,sao_paulo_grand_prix,R,VER,2023_sao_paulo_grand_prix_R_VER_032,MEDIUM,dry,75.439,76.25,0.811,12.85,-0.57,46.3,1.7686,4.5289,1.3109,False,63.3,1.2021,0.0,True,8,89.6,0.01654,-6.75038,-0.30706,3,3
2023,sao_paulo_grand_prix,R,NOR,2023_sao_paulo_grand_prix_R_NOR_047,MEDIUM,dry,75.572,76.305,0.733,12.6,-0.56,47.5,1.5303,6.5,1.217,True,40.7,1.2029,10.0,True,12,132.7,0.02094,-6.78064,-0.65983,2,2
2023,saudi_arabian_grand_prix,Q,PER,2023_saudi_arabian_grand_prix_Q_PER_012,SOFT,dry,88.635,88.87,0.235,15.08,-0.81,73.5,2.8,2.9148,1.0151,True,8.0,1.1756,10.0,True,12,192.8,0.02311,-6.32767,-0.16666,4,4
2023,saudi_arabian_grand_prix,Q,ALO,2023_saudi_arabian_grand_prix_Q_ALO_017,SOFT,dry,88.73,89.387,0.657,14.17,-1.31,69.8,2.8,3.0757,1.1401,True,8.0,1.1772,0.0,True,11,174.4,0.02276,-6.54819,-0.09561,4,4
2023,saudi_arabian_grand_prix,Q,VER,2023_saudi_arabian_grand_prix_Q_VER_002,SOFT,dry,88.761,89.089,0.328,15.33,-0.71,73.9,2.8,2.7623,0.9899,True,8.0,1.176,15.0,True,12,189.1,0.02271,-6.33715,-0.14591,4,4
2023,saudi_arabian_grand_prix,R,VER,2023_saudi_arabian_grand_prix_R_VER_040,HARD,dry,92.606,92.363,-0.243,15.76,0.01,65.6,2.7339,2.5019,1.1493,False,26.5,1.18,10.0,True,12,191.6,0.02011,-6.69953,0.07807,4,4
2023,saudi_arabian_grand_prix,R,PER,2023_saudi_arabian_grand_prix_R_PER_027,HARD,dry,92.891,92.475,-0.416,13.36,0.21,51.3,2.7642,2.6205,1.1638,False,54.4,1.1792,10.0,True,13,205.6,0.01978,-6.61333,0.06869,4,4
2023,saudi_arabian_grand_prix,R,ALO,2023_saudi_arabian_grand_prix_R_ALO_035,HARD,dry,93.514,93.163,-0.351,14.49,0.12,60.5,2.676,2.773,1.2476,False,37.2,1.1788,10.0,True,12,190.0,0.02014,-6.7412,0.08442,4,4
2023,singapore_grand_prix,Q,SAI,2023_singapore_grand_prix_Q_SAI_019,SOFT,dry,90.984,90.718,-0.266,13.39,0.76,46.8,1.7913,6.2944,1.151,False,8.0,1.1667,0.0,True,15,192.7,0.02859,-4.6155,-1.03316,3,3
2023,singapore_grand_prix,Q,LEC,2023_singapore_grand_prix_Q_LEC_020,SOFT,dry,91.063,90.732,-0.331,12.71,0.58,44.7,1.9193,5.0537,1.1116,False,8.0,1.1667,-5.0,True,11,104.1,0.02573,-4.67721,-0.8271,3,3
2023,singapore_grand_prix,Q,NOR,2023_singapore_grand_prix_Q_NOR_019,SOFT,dry,91.27,90.518,-0.752,14.26,0.86,54.9,1.8866,5.546,1.1838,False,8.0,1.1667,5.0,True,11,140.9,0.02674,-4.9035,-0.87442,3,3
2023,singapore_grand_prix,R,HAM,2023_singapore_grand_prix_R_HAM_049,MEDIUM,dry,96.22,96.321,0.101,12.81,0.33,44.2,1.6722,5.6037,1.3259,False,27.2,1.1659,0.0,True,10,129.4,0.02469,-5.1376,-0.82866,3,3
2023,singapore_grand_prix,R,RUS,2023_singapore_grand_prix_R_RUS_049,MEDIUM,dry,96.569,96.808,0.239,14.74,0.44,53.5,1.6829,5.3541,1.3902,False,27.2,1.1659,0.0,True,11,146.3,0.02391,-5.23894,-0.75842,3,3
2023,singapore_grand_prix,R,VER,2023_singapore_grand_prix_R_VER_042,MEDIUM,dry,97.713,97.571,-0.142,15.11,0.55,56.0,1.7252,4.611,1.3586,False,39.2,1.1652,5.0,True,10,130.1,0.02172,-5.10162,-0.63388,3,3
2023,spanish_grand_prix,Q,VER,2023_spanish_grand_prix_Q_VER_006,SOFT,dry,73.615,73.697,0.082,15.53,0.16,52.8,2.3948,3.2887,1.0427,False,8.0,1.2017,-5.0,True,9,110.5,0.02401,-5.92586,-0.83597,3,3
2023,spanish_grand_prix,Q,PIA,2023_spanish_grand_prix_Q_PIA_019,SOFT,dry,73.682,73.17,-0.512,14.72,1.0,53.8,1.8849,6.5,1.2767,True,8.0,1.1984,5.0,True,13,157.6,0.02948,-5.40034,-1.05824,3,3
2023,spanish_grand_prix,Q,SAI,2023_spanish_grand_prix_Q_SAI_012,SOFT,dry,73.79,73.647,-0.143,13.62,0.03,45.5,2.489,3.0102,1.0787,False,8.0,1.2008,0.0,True,11,134.3,0.02266,-6.07149,-0.77543,3,3
2023,spanish_grand_prix,R,GAS,2023_spanish_grand_prix_R_GAS_054,HARD,dry,78.991,78.737,-0.254,16.69,0.3,53.5,1.8952,4.5614,1.1606,False,24.1,1.1964,5.0,True,6,74.3,0.02779,-6.22861,-1.29687,3,3
2023,spanish_grand_prix,R,PER,2023_spanish_grand_prix_R_PER_043,HARD,dry,79.068,78.874,-0.194,16.22,0.09,53.5,1.8756,4.7949,1.1777,False,41.9,1.1956,0.0,True,7,78.2,0.02787,-6.16153,-1.25367,3,3
2023,spanish_grand_prix,R,VER,2023_spanish_grand_prix_R_VER_031,HARD,dry,79.165,78.904,-0.261,15.97,0.32,47.9,2.1769,3.4164,1.2566,False,61.4,1.1951,10.0,True,11,107.9,0.02115,-6.35446,-0.85211,3,3
2023,united_states_grand_prix,Q,VER,2023_united_states_grand_prix_Q_VER_008,SOFT,dry,95.491,94.03,-1.461,16.27,0.95,65.3,1.9818,5.5057,1.2852,False,8.0,1.1436,20.0,True,10,145.7,0.02896,-6.40404,-0.83895,5,5
2023,united_states_grand_prix,Q,GAS,2023_united_states_grand_prix_Q_GAS_009,SOFT,dry,95.621,93.882,-1.739,15.36,0.9,61.6,2.0115,5.3089,1.2654,False,8.0,1.1436,10.0,True,9,130.4,0.02842,-6.43655,-0.81579,5,5
2023,united_states_grand_prix,Q,PER,2023_united_states_grand_prix_Q_PER_008,SOFT,dry,95.679,93.732,-1.947,15.89,1.02,69.0,2.1622,4.3088,1.235,False,8.0,1.1433,15.0,True,8,114.3,0.0265,-6.35886,-0.66491,5,5
2023,united_states_grand_prix,R,VER,2023_united_states_grand_prix_R_VER_021,MEDIUM,dry,100.98,100.143,-0.837,14.97,0.71,52.7,1.7901,5.6711,1.4287,False,71.8,1.164,10.0,True,9,128.6,0.02635,-6.39976,-0.78536,5,5
2023,united_states_grand_prix,R,PER,2023_united_states_grand_prix_R_PER_027,MEDIUM,dry,101.164,99.883,-1.281,15.76,1.04,55.5,1.8296,5.3204,1.4392,False,60.3,1.1629,20.0,True,11,147.6,0.02578,-6.44216,-0.73826,5,5
2023,united_states_grand_prix,R,STR,2023_united_states_grand_prix_R_STR_032,MEDIUM,dry,101.469,99.324,-2.145,15.89,1.15,54.3,1.8898,4.8301,1.378,False,50.8,1.1632,20.0,True,8,115.4,0.02502,-6.35529,-0.71544,5,5
2024,abu_dhabi_grand_prix,Q,PIA,2024_abu_dhabi_grand_prix_Q_PIA_015,SOFT,dry,82.804,83.178,0.374,14.65,-1.21,73.5,2.4604,3.8196,1.1073,False,8.0,1.1812,15.0,True,10,136.7,0.02382,-6.27491,-0.51741,2,2
2024,abu_dhabi_grand_prix,Q,VER,2024_abu_dhabi_grand_prix_Q_VER_011,SOFT,dry,82.945,82.709,-0.236,14.14,-0.66,60.4,2.5115,3.7209,1.0829,False,8.0,1.1812,10.0,True,10,138.1,0.02372,-6.24165,-0.50992,2,2
2024,abu_dhabi_grand_prix,Q,NOR,2024_abu_dhabi_grand_prix_Q_NOR_012,SOFT,dry,82.949,83.38,0.431,13.31,-1.21,54.6,2.3112,4.5627,1.158,False,8.0,1.1812,10.0,True,9,125.5,0.02486,-6.45762,-0.49619,2,2
2024,abu_dhabi_grand_prix,R,PIA,2024_abu_dhabi_grand_prix_R_PIA_040,HARD,dry,88.325,88.568,0.243,15.56,-0.48,64.2,1.9584,5.1712,1.1932,False,38.1,1.1792,25.0,True,7,97.3,0.02686,-6.43241,-0.78039,2,2
2024,abu_dhabi_grand_prix,R,LEC,2024_abu_dhabi_grand_prix_R_LEC_052,HARD,dry,88.455,88.517,0.062,15.66,-0.37,77.6,1.9188,5.1896,1.1655,False,15.9,1.18,10.0,True,10,107.6,0.02796,-6.48783,-0.83411,2,2
2024,abu_dhabi_grand_prix,R,RUS,2024_abu_dhabi_grand_prix_R_RUS_029,HARD,dry,88.48,88.553,0.073,14.54,-0.7,62.5,1.9043,5.8305,1.2083,False,58.3,1.1784,20.0,True,11,154.9,0.02626,-6.38381,-0.80484,2,2
2024,australian_grand_prix,Q,SAI,2024_australian_grand_prix_Q_SAI_014,SOFT,dry,76.331,75.626,-0.705,11.5,-0.69,48.1,2.8,2.7083,1.1225,True,8.0,1.2103,10.0,True,12,163.5,0.01926,-7.09764,-0.20319,3,3
2024,australian_grand_prix,Q,LEC,2024_australian_grand_prix_Q_LEC_008,SOFT,dry,76.737,75.967,-0.77,12.26,-0.19,51.2,2.7112,2.8492,1.1211,False,8.0,1.2103,15.0,True,15,163.3,0.01988,-7.08351,-0.23185,3,3
2024,australian_grand_prix,Q,PER,2024_australian_grand_prix_Q_PER_011,SOFT,dry,76.753,75.797,-0.956,12.62,-0.15,57.5,2.6751,2.94,1.0857,False,8.0,1.2099,15.0,True,12,163.7,0.02034,-7.07638,-0.27904,3,3
2024,australian_grand_prix,R,LEC,2024_australian_grand_prix_R_LEC_038,HARD,dry,80.949,80.014,-0.935,12.01,0.12,46.2,2.2666,3.6761,1.2129,False,40.5,1.198,20.0,True,9,122.7,0.02123,-6.92308,-0.39752,3,3
2024,australian_grand_prix,R,GAS,2024_australian_grand_prix_R_GAS_044,HARD,dry,81.447,80.765,-0.682,12.04,0.03,45.6,2.2413,3.4238,1.2066,False,29.3,1.1968,30.0,True,9,123.1,0.02059,-7.0594,-0.37204,3,3
2024,australian_grand_prix,R,SAI,2024_australian_grand_prix_R_SAI_033,HARD,dry,81.495,80.582,-0.913,12.9,0.17,46.4,2.3587,3.1931,1.2302,False,49.9,1.1996,25.0,True,9,122.5,0.01925,-7.00869,-0.29833,3,3
2024,austrian_grand_prix,Q,RUS,2024_austrian_grand_prix_Q_RUS_014,SOFT,dry,64.954,64.3,-0.654,12.53,-0.13,51.2,2.1414,4.9383,0.9382,False,8.0,1.1598,5.0,True,7,80.2,0.02237,-3.92821,-0.65989,5,5
2024,austrian_grand_prix,Q,HAM,2024_austrian_grand_prix_Q_HAM_011,SOFT,dry,65.053,64.822,-0.231,12.19,-0.57,55.0,2.0541,5.1427,0.9255,False,8.0,1.159,5.0,True,7,80.8,0.02277,-3.51893,-0.6888,5,5
2024,austrian_grand_prix,Q,SAI,2024_austrian_grand_prix_Q_SAI_005,SOFT,dry,65.263,64.596,-0.667,11.98,0.08,54.4,2.1875,4.5495,0.9404,False,8.0,1.1587,5.0,True,11,116.3,0.02141,-3.91744,-0.57534,5,5
2024,austrian_grand_prix,R,PIA,2024_austrian_grand_prix_R_PIA_033,HARD,dry,69.516,68.946,-0.57,13.72,0.11,45.4,1.9007,5.0716,1.1008,False,61.8,1.1659,10.0,True,9,101.7,0.01957,-4.24749,-0.47231,5,5
2024,austrian_grand_prix,R,VER,2024_austrian_grand_prix_R_VER_005,MEDIUM,dry,70.005,69.454,-0.551,13.35,-0.07,46.1,2.006,4.6126,1.1459,False,104.0,1.1671,10.0,True,8,89.9,0.01762,-4.19033,-0.36168,5,5
2024,austrian_grand_prix,R,SAI,2024_austrian_grand_prix_R_SAI_034,HARD,dry,70.162,69.567,-0.595,13.01,0.2,42.3,1.8439,5.1111,1.1024,False,60.3,1.1663,5.0,True,14,115.4,0.01965,-4.21992,-0.47338,5,5
2024,azerbaijan_grand_prix,Q,LEC,2024_azerbaijan_grand_prix_Q_LEC_011,SOFT,dry,102.056,103.726,1.67,11.2,-1.38,64.4,1.9134,5.2093,1.086,False,8.0,1.176,0.0,True,7,111.7,0.02509,-7.94144,-0.07732,2,2
2024,azerbaijan_grand_prix,Q,PER,2024_azerbaijan_grand_prix_Q_PER_008,SOFT,dry,102.263,104.42,2.157,10.46,-1.6,47.1,1.8758,5.0825,1.0461,False,8.0,1.1768,0.0,True,10,122.0,0.02974,-7.84039,-0.2824,2,2
2024,azerbaijan_grand_prix,Q,VER,2024_azerbaijan_grand_prix_Q_VER_016,SOFT,dry,102.268,104.373,2.105,9.74,-1.1,42.9,1.8325,5.5523,1.0534,False,8.0,1.1788,0.0,True,12,140.6,0.02587,-7.95534,-0.13651,2,2
2024,azerbaijan_grand_prix,R,NOR,2024_azerbaijan_grand_prix_R_NOR_041,MEDIUM,dry,106.104,108.575,2.471,11.72,-0.92,62.2,1.6145,6.5,1.1114,True,24.4,1.1808,5.0,True,10,160.0,0.02636,-7.92248,-0.30581,2,2
2024,azerbaijan_grand_prix,R,PER,2024_azerbaijan_grand_prix_R_PER_041,HARD,dry,107.089,108.917,1.828,10.71,-0.03,56.2,1.5975,6.5,1.0985,True,24.4,1.1808,-5.0,True,10,156.8,0.02644,-7.95007,-0.37502,2,2
2024,azerbaijan_grand_prix,R,SAI,2024_azerbaijan_grand_prix_R_SAI_041,HARD,dry,107.458,108.732,1.274,11.49,-0.15,59.0,1.6049,6.5,1.0993,True,24.4,1.1808,5.0,True,10,145.3,0.0265,-7.94928,-0.34888,2,2
2024,bahrain_grand_prix,Q,SAI,2024_bahrain_grand_prix_Q_SAI_005,SOFT,dry,89.909,89.093,-0.816,10.97,0.08,45.1,1.9049,5.2932,1.1716,False,8.0,1.212,10.0,True,11,154.0,0.02551,-6.28174,-0.56247,6,6
2024,bahrain_grand_prix,Q,PER,2024_bahrain_grand_prix_Q_PER_013,SOFT,dry,90.03,88.867,-1.163,12.81,0.6,51.5,2.2058,3.3011,1.1402,False,8.0,1.2128,5.0,True,9,106.6,0.02192,-6.41404,-0.25698,6,6
2024,bahrain_grand_prix,Q,VER,2024_bahrain_grand_prix_Q_VER_002,SOFT,dry,90.031,89.413,-0.618,12.42,0.11,61.2,2.136,3.4292,1.1243,False,8.0,1.212,15.0,True,7,100.9,0.02224,-6.29803,-0.31216,6,6
2024,bahrain_grand_prix,R,SAI,2024_bahrain_grand_prix_R_SAI_037,HARD,dry,95.302,94.12,-1.182,12.58,0.73,42.5,1.8914,3.8023,1.2663,False,42.4,1.2124,15.0,True,8,114.9,0.02107,-6.48781,-0.32315,6,6
2024,bahrain_grand_prix,R,LEC,2024_bahrain_grand_prix_R_LEC_051,HARD,dry,95.418,94.696,-0.722,11.5,0.36,44.5,1.6759,5.0457,1.246,False,16.1,1.2136,15.0,True,7,100.1,0.02498,-6.54227,-0.50755,6,6
2024,bahrain_grand_prix,R,RIC,2024_bahrain_grand_prix_R_RIC_046,SOFT,dry,95.507,95.302,-0.205,12.2,0.54,44.1,1.7174,4.5008,1.2469,False,25.5,1.2132,10.0,True,9,127.8,0.02326,-6.49034,-0.50375,6,6
2024,belgian_grand_prix,Q,RUS,2024_belgian_grand_prix_Q_RUS_007,INTERMEDIATE,inter,115.353,113.889,-1.464,15.9,0.98,84.6,1.3973,6.5,1.0592,True,8.0,1.2124,20.0,True,10,182.0,0.04344,-7.04835,-1.37477,3,3
2024,belgian_grand_prix,Q,RIC,2024_belgian_grand_prix_Q_RIC_007,INTERMEDIATE,inter,115.451,114.193,-1.258,14.03,1.23,63.5,1.3968,6.5,1.092,True,8.0,1.2124,15.0,True,10,184.6,0.04309,-7.03069,-1.31457,3,3
2024,belgian_grand_prix,Q,BOT,2024_belgian_grand_prix_Q_BOT_008,INTERMEDIATE,inter,115.531,114.211,-1.32,13.66,1.03,64.6,1.3904,6.5,1.0639,True,8.0,1.2124,15.0,True,10,185.4,0.04319,-7.05356,-1.40936,3,3
2024,belgian_grand_prix,R,VER,2024_belgian_grand_prix_R_VER_031,MEDIUM,dry,106.363,107.513,1.15,11.7,-0.14,63.0,1.6541,6.5,1.0977,True,37.0,1.198,10.0,True,11,186.5,0.03226,-7.36544,-0.79711,5,5
2024,belgian_grand_prix,R,SAI,2024_belgian_grand_prix_R_SAI_032,HARD,dry,107.191,107.849,0.658,11.97,-0.26,69.5,1.6302,6.5,1.0778,True,34.6,1.1968,0.0,True,12,218.5,0.03533,-7.30003,-0.84295,4,4
2024,belgian_grand_prix,R,LEC,2024_belgian_grand_prix_R_LEC_042,HARD,dry,107.216,107.913,0.697,12.41,-0.21,73.0,1.5973,6.5,1.0805,True,10.3,1.196,-5.0,True,12,226.7,0.03661,-7.33536,-0.89029,5,5
2024,british_grand_prix,Q,NOR,2024_british_grand_prix_Q_NOR_015,SOFT,dry,86.559,85.647,-0.912,11.1,-0.03,52.9,2.3894,3.0889,1.1428,False,8.0,1.2306,5.0,True,11,144.1,0.02568,-5.73426,-0.36647,6,6
2024,british_grand_prix,Q,ALB,2024_british_grand_prix_Q_ALB_016,SOFT,dry,86.933,85.72,-1.213,11.09,0.34,48.0,2.3691,3.0702,1.0981,False,8.0,1.2301,10.0,True,14,178.6,0.0264,-5.47563,-0.58545,6,6
2024,british_grand_prix,Q,PIA,2024_british_grand_prix_Q_PIA_023,SOFT,dry,87.043,86.229,-0.814,10.94,0.27,54.0,2.1792,3.479,0.9993,False,8.0,1.2271,15.0,True,9,141.0,0.03102,-4.78524,-0.95055,6,6
2024,british_grand_prix,R,PIA,2024_british_grand_prix_R_PIA_043,MEDIUM,dry,89.286,88.348,-0.938,9.42,0.21,46.0,2.121,3.6768,1.1851,False,23.6,1.2237,5.0,True,8,125.3,0.02763,-2.05673,-0.61868,6,6
2024,british_grand_prix,R,HAM,2024_british_grand_prix_R_HAM_052,SOFT,dry,90.146,88.839,-1.307,11.87,0.52,48.7,2.0035,3.9544,1.1913,False,5.1,1.2212,10.0,True,7,107.6,0.02973,-2.91221,-0.65059,6,6
2024,british_grand_prix,R,ALB,2024_british_grand_prix_R_ALB_047,MEDIUM,dry,90.148,89.424,-0.724,9.8,0.35,45.7,1.9962,3.9208,1.1919,False,15.3,1.2225,5.0,True,7,109.3,0.03069,-1.86221,-0.80353,6,6
2024,canadian_grand_prix,Q,VER,2024_canadian_grand_prix_Q_VER_019,SOFT,dry,72.549,71.602,-0.947,11.74,0.68,42.5,2.3261,3.0135,1.0267,False,8.0,1.2012,10.0,True,9,101.6,0.01723,-6.20631,-0.23744,4,4
2024,canadian_grand_prix,Q,PIA,2024_canadian_grand_prix_Q_PIA_017,SOFT,dry,72.691,72.322,-0.369,10.35,0.06,42.5,2.207,3.2674,1.0184,False,8.0,1.2008,15.0,True,8,91.7,0.01776,-6.12478,-0.30439,4,4
2024,canadian_grand_prix,Q,TSU,2024_canadian_grand_prix_Q_TSU_009,SOFT,dry,72.748,72.215,-0.533,10.61,0.14,61.2,2.1407,3.5711,0.9533,False,8.0,1.2021,10.0,True,8,94.8,0.01869,-6.04874,-0.38477,4,4
2024,canadian_grand_prix,R,STR,2024_canadian_grand_prix_R_STR_064,HARD,dry,77.609,77.79,0.181,14.34,-0.0,49.4,1.6464,5.1466,1.1571,False,13.7,1.2078,-5.0,True,8,93.5,0.02035,-6.38258,-0.57201,4,4
2024,canadian_grand_prix,R,HAM,2024_canadian_grand_prix_R_HAM_052,MEDIUM,dry,77.75,77.861,0.111,12.51,-0.16,43.6,1.6496,5.2587,1.1493,False,32.0,1.2087,10.0,True,9,87.5,0.02006,-6.29609,-0.57922,4,4
2024,canadian_grand_prix,R,TSU,2024_canadian_grand_prix_R_TSU_069,MEDIUM,dry,77.816,77.243,-0.573,12.33,-0.13,42.2,1.6984,4.8129,1.1422,False,6.1,1.2103,5.0,True,10,82.0,0.02,-6.40333,-0.53013,4,4
2024,chinese_grand_prix,Q,VER,2024_chinese_grand_prix_Q_VER_008,SOFT,dry,93.946,92.675,-1.271,11.49,-0.06,40.9,2.0136,4.0278,1.0409,False,8.0,1.1951,10.0,True,7,101.0,0.02617,-6.76697,-0.73967,4,4
2024,chinese_grand_prix,Q,PER,2024_chinese_grand_prix_Q_PER_012,SOFT,dry,94.026,93.117,-0.909,11.71,-0.48,45.5,1.9644,4.1707,1.0241,False,8.0,1.196,0.0,True,6,86.5,0.02666,-6.75695,-0.7913,4,4
2024,chinese_grand_prix,Q,ALO,2024_chinese_grand_prix_Q_ALO_008,SOFT,dry,94.652,93.887,-0.765,11.29,-0.37,42.5,1.8976,4.3736,1.0246,False,8.0,1.196,5.0,True,7,90.3,0.0277,-6.78166,-0.86941,3,3
2024,chinese_grand_prix,R,VER,2024_chinese_grand_prix_R_VER_015,HARD,dry,99.591,98.881,-0.71,12.45,-0.22,42.9,1.7707,4.5223,1.121,False,83.2,1.2087,10.0,True,6,87.1,0.02403,-6.80703,-0.9032,3,3
2024,chinese_grand_prix,R,PER,2024_chinese_grand_prix_R_PER_052,HARD,dry,100.123,99.665,-0.458,11.75,-0.36,43.0,1.6011,5.2103,1.1714,False,12.6,1.2116,5.0,True,9,97.8,0.02894,-7.0568,-1.05048,3,3
2024,chinese_grand_prix,R,NOR,2024_chinese_grand_prix_R_NOR_050,HARD,dry,100.177,99.132,-1.045,12.21,-0.08,49.3,1.644,5.0865,1.207,False,16.4,1.2116,20.0,True,7,101.7,0.02796,-7.06472,-0.96223,4,4
2024,dutch_grand_prix,Q,PIA,2024_dutch_grand_prix_Q_PIA_012,SOFT,dry,70.193,69.665,-0.528,15.82,0.41,53.6,2.7287,3.0925,1.1072,False,8.0,1.1867,10.0,True,12,135.2,0.0191,-5.87682,-0.48907,7,7
2024,dutch_grand_prix,Q,NOR,2024_dutch_grand_prix_Q_NOR_007,SOFT,dry,70.496,70.082,-0.414,15.72,0.37,53.1,2.6501,3.239,1.1182,False,8.0,1.1867,0.0,True,11,123.2,0.0195,-5.85063,-0.51874,7,7
2024,dutch_grand_prix,Q,VER,2024_dutch_grand_prix_Q_VER_007,SOFT,dry,70.811,70.19,-0.621,15.6,0.26,50.3,2.5966,3.4096,1.1225,False,8.0,1.1867,0.0,True,10,113.0,0.02,-5.85495,-0.55902,7,7
2024,dutch_grand_prix,R,HAM,2024_dutch_grand_prix_R_HAM_043,HARD,dry,74.723,74.629,-0.094,19.12,0.9,58.9,2.2175,3.9995,1.2572,False,47.6,1.2062,-25.0,True,8,90.6,0.01946,-6.10972,-0.57559,7,7
2024,dutch_grand_prix,R,NOR,2024_dutch_grand_prix_R_NOR_065,HARD,dry,74.786,74.049,-0.737,18.04,0.7,55.2,2.3709,3.2037,1.2588,False,14.9,1.2054,15.0,True,10,112.9,0.01855,-6.25762,-0.41188,7,7
2024,dutch_grand_prix,R,PIA,2024_dutch_grand_prix_R_PIA_035,HARD,dry,74.937,74.502,-0.435,16.56,0.94,55.1,2.4332,3.0523,1.2417,False,59.5,1.2062,15.0,True,10,113.4,0.01932,-5.86219,-0.42351,7,7
2024,emilia_romagna_grand_prix,Q,LEC,2024_emilia_romagna_grand_prix_Q_LEC_017,SOFT,dry,75.016,74.466,-0.55,11.97,0.93,54.3,2.4786,4.5422,1.1305,False,8.0,1.1879,10.0,True,10,130.1,0.02154,-6.8393,-0.29577,3,3
2024,emilia_romagna_grand_prix,Q,PIA,2024_emilia_romagna_grand_prix_Q_PIA_011,SOFT,dry,75.148,74.868,-0.28,11.81,0.61,54.3,2.6392,3.495,1.1036,False,8.0,1.1879,10.0,True,12,153.9,0.0194,-6.76947,-0.10447,3,3
2024,emilia_romagna_grand_prix,Q,SAI,2024_emilia_romagna_grand_prix_Q_SAI_016,SOFT,dry,75.383,74.846,-0.537,10.85,0.94,41.8,2.3661,4.94,1.1426,False,8.0,1.1879,15.0,True,9,116.3,0.0223,-6.79385,-0.34897,3,3
2024,emilia_romagna_grand_prix,R,PIA,2024_emilia_romagna_grand_prix_R_PIA_060,HARD,dry,80.649,79.517,-1.132,14.36,1.61,57.2,2.1865,3.5105,1.1619,False,9.8,1.1819,25.0,True,12,144.8,0.01977,-6.90848,-0.18135,3,3
2024,emilia_romagna_grand_prix,R,LEC,2024_emilia_romagna_grand_prix_R_LEC_060,HARD,dry,80.693,79.54,-1.153,14.8,1.74,63.5,2.1727,3.8599,1.2649,False,9.8,1.1819,25.0,True,8,103.5,0.01981,-6.95491,-0.14297,3,3
2024,emilia_romagna_grand_prix,R,HAM,2024_emilia_romagna_grand_prix_R_HAM_061,HARD,dry,80.726,80.159,-0.567,12.44,1.28,41.9,2.0554,4.1971,1.2549,False,8.1,1.1823,25.0,True,10,100.0,0.02053,-6.95024,-0.20422,3,3
2024,hungarian_grand_prix,Q,VER,2024_hungarian_grand_prix_Q_VER_011,SOFT,dry,75.77,75.067,-0.703,10.86,0.68,43.5,2.188,4.0514,1.2153,False,8.0,1.1875,10.0,True,8,93.0,0.02561,-4.61395,-1.09279,3,3
2024,hungarian_grand_prix,Q,PIA,2024_hungarian_grand_prix_Q_PIA_010,SOFT,dry,75.785,75.078,-0.707,9.81,0.69,36.2,2.2182,3.9171,1.2276,False,8.0,1.1875,5.0,True,8,92.4,0.02497,-4.66807,-1.05774,3,3
2024,hungarian_grand_prix,Q,ALO,2024_hungarian_grand_prix_Q_ALO_009,SOFT,dry,76.165,75.918,-0.247,8.69,0.21,33.1,2.1017,4.1465,1.091,False,8.0,1.1875,0.0,True,7,81.0,0.02603,-4.25442,-1.23521,3,3
2024,hungarian_grand_prix,R,SAR,2024_hungarian_grand_prix_R_SAR_068,SOFT,dry,81.789,81.177,-0.612,12.08,0.67,38.8,1.6924,5.5469,1.3175,False,7.6,1.1632,10.0,True,8,92.4,0.02927,-5.06891,-1.51856,3,3
2024,hungarian_grand_prix,R,PER,2024_hungarian_grand_prix_R_PER_062,MEDIUM,dry,82.062,82.143,0.081,11.46,0.45,34.2,1.5522,6.5,1.2195,True,16.8,1.1652,0.0,True,12,137.3,0.03229,-4.72191,-1.83691,3,3
2024,hungarian_grand_prix,R,RUS,2024_hungarian_grand_prix_R_RUS_049,MEDIUM,dry,82.691,82.121,-0.57,11.83,0.66,41.5,1.5744,6.5,1.2329,True,36.6,1.1663,0.0,True,12,139.4,0.0311,-4.66037,-1.79088,3,3
2024,italian_grand_prix,Q,NOR,2024_italian_grand_prix_Q_NOR_005,SOFT,dry,79.727,79.222,-0.505,11.65,-0.74,64.1,2.0637,4.4742,0.9144,False,8.0,1.1511,10.0,True,7,105.5,0.02418,-6.91204,-0.29461,4,4
2024,italian_grand_prix,Q,PIA,2024_italian_grand_prix_Q_PIA_012,SOFT,dry,79.845,79.142,-0.703,11.16,-0.5,63.9,2.1032,4.3112,0.9176,False,8.0,1.1504,15.0,True,7,105.8,0.02371,-6.91558,-0.28609,4,4
2024,italian_grand_prix,Q,VER,2024_italian_grand_prix_Q_VER_017,SOFT,dry,80.022,79.449,-0.573,10.58,-0.47,51.3,2.0743,4.3379,0.9217,False,8.0,1.1519,5.0,True,7,106.2,0.02367,-6.85404,-0.31261,4,4
2024,italian_grand_prix,R,HAM,2024_italian_grand_prix_R_HAM_043,HARD,dry,82.396,81.904,-0.492,11.0,-0.28,63.6,1.7147,5.991,0.9729,False,25.2,1.1549,10.0,True,10,148.7,0.02653,-7.08034,-0.38057,4,4
2024,italian_grand_prix,R,NOR,2024_italian_grand_prix_R_NOR_044,HARD,dry,82.403,81.89,-0.513,12.95,-0.22,74.3,1.7505,5.711,0.9738,False,23.2,1.1549,10.0,True,13,185.7,0.02588,-7.0908,-0.38965,4,4
2024,italian_grand_prix,R,RUS,2024_italian_grand_prix_R_RUS_043,HARD,dry,82.939,82.215,-0.724,13.41,-0.24,81.8,1.6988,5.969,0.9728,False,25.2,1.1549,20.0,True,10,152.3,0.02632,-7.07233,-0.42975,4,4
2024,japanese_grand_prix,Q,NOR,2024_japanese_grand_prix_Q_NOR_012,SOFT,dry,88.585,87.77,-0.815,13.83,-0.2,54.5,2.1155,5.1944,1.2893,False,8.0,1.2166,15.0,True,11,164.9,0.02703,-6.44316,-0.61413,4,4
2024,japanese_grand_prix,Q,PER,2024_japanese_grand_prix_Q_PER_008,SOFT,dry,88.605,87.702,-0.903,13.57,-0.23,63.1,2.1175,5.0856,1.2454,False,8.0,1.2157,15.0,True,13,194.1,0.0267,-6.35618,-0.60035,4,4
2024,japanese_grand_prix,Q,VER,2024_japanese_grand_prix_Q_VER_005,SOFT,dry,88.74,88.416,-0.324,13.67,-0.67,65.0,1.9612,5.7708,1.2587,False,8.0,1.2145,10.0,True,16,241.6,0.02855,-6.42848,-0.75035,4,4
2024,japanese_grand_prix,R,SAR,2024_japanese_grand_prix_R_SAR_046,SOFT,dry,95.778,94.766,-1.012,13.52,0.71,47.4,1.9169,4.0475,1.297,False,19.2,1.2045,25.0,True,8,122.6,0.0271,-6.5126,-0.62372,5,5
2024,japanese_grand_prix,R,LEC,2024_japanese_grand_prix_R_LEC_030,HARD,dry,96.225,95.288,-0.937,13.67,0.33,53.0,1.8993,4.3022,1.3219,False,51.5,1.1984,20.0,True,7,106.5,0.02645,-6.42208,-0.60571,5,5
2024,japanese_grand_prix,R,HAM,2024_japanese_grand_prix_R_HAM_030,HARD,dry,96.399,95.754,-0.645,13.3,0.38,47.0,1.7955,4.7346,1.2698,False,51.5,1.1984,30.0,True,8,109.4,0.02805,-6.39814,-0.74763,5,5
2024,las_vegas_grand_prix,Q,RUS,2024_las_vegas_grand_prix_Q_RUS_015,SOFT,dry,92.881,92.985,0.104,16.0,-2.23,74.5,1.9969,3.4373,0.8903,False,8.0,1.2383,5.0,True,12,156.1,0.02081,-7.75376,0.01807,5,5
2024,las_vegas_grand_prix,Q,LEC,2024_las_vegas_grand_prix_Q_LEC_013,SOFT,dry,93.016,93.643,0.627,12.43,-2.05,59.1,1.8411,3.9569,0.8375,False,8.0,1.2379,-5.0,True,11,143.2,0.02262,-7.67178,-0.1122,5,5
2024,las_vegas_grand_prix,Q,HAM,2024_las_vegas_grand_prix_Q_HAM_011,SOFT,dry,93.136,93.227,0.091,13.63,-1.63,71.6,1.8136,4.3283,0.8225,False,8.0,1.2392,-10.0,True,13,162.4,0.02269,-7.69063,-0.15846,5,5
2024,las_vegas_grand_prix,R,HAM,2024_las_vegas_grand_prix_R_HAM_035,HARD,dry,96.397,96.943,0.546,15.33,-1.82,74.5,1.6334,4.9543,0.919,False,37.2,1.2153,-25.0,True,13,173.5,0.02322,-7.80959,-0.17958,5,5
2024,las_vegas_grand_prix,R,SAI,2024_las_vegas_grand_prix_R_SAI_035,HARD,dry,96.641,97.299,0.658,14.35,-1.87,60.1,1.5724,5.2641,0.8896,False,37.2,1.2153,-30.0,True,18,205.8,0.02401,-7.77527,-0.25802,5,5
2024,las_vegas_grand_prix,R,LEC,2024_las_vegas_grand_prix_R_LEC_020,HARD,dry,97.295,98.17,0.875,13.8,-1.32,55.4,1.5125,5.7411,0.8584,False,69.3,1.2141,-25.0,True,17,227.5,0.02422,-7.63963,-0.33908,5,5
2024,mexico_city_grand_prix,Q,SAI,2024_mexico_city_grand_prix_Q_SAI_017,SOFT,dry,76.055,75.336,-0.719,10.9,-0.54,37.5,1.7753,5.2363,0.8196,False,8.0,1.1976,5.0,True,8,94.2,0.02273,-6.58597,-0.83319,6,6
2024,mexico_city_grand_prix,Q,NOR,2024_mexico_city_grand_prix_Q_NOR_008,SOFT,dry,76.301,76.134,-0.167,12.18,-0.73,37.9,1.7296,5.3233,0.8411,False,8.0,1.1964,5.0,True,8,91.0,0.02276,-6.41345,-0.85886,6,6
2024,mexico_city_grand_prix,Q,RUS,2024_mexico_city_grand_prix_Q_RUS_015,SOFT,dry,76.509,75.648,-0.861,11.69,-0.19,46.0,1.7629,5.2939,0.8703,False,8.0,1.1976,15.0,True,8,90.4,0.02267,-6.61885,-0.81572,6,6
2024,mexico_city_grand_prix,R,PIA,2024_mexico_city_grand_prix_R_PIA_061,HARD,dry,80.53,80.523,-0.007,12.28,-0.52,41.7,1.4707,6.4874,0.9424,False,19.6,1.2041,15.0,True,12,134.1,0.02392,-6.82861,-0.99628,6,6
2024,mexico_city_grand_prix,R,NOR,2024_mexico_city_grand_prix_R_NOR_035,HARD,dry,80.697,80.421,-0.276,13.59,-0.37,44.1,1.609,5.4033,0.9784,False,58.8,1.1996,10.0,True,10,114.6,0.01989,-6.7819,-0.77125,6,6
2024,mexico_city_grand_prix,R,LEC,2024_mexico_city_grand_prix_R_LEC_049,HARD,dry,80.847,79.958,-0.889,11.18,-0.48,40.7,1.5609,5.8054,0.9057,False,37.7,1.2033,15.0,True,8,91.8,0.02177,-6.67026,-0.90176,6,6
2024,miami_grand_prix,Q,VER,2024_miami_grand_prix_Q_VER_005,SOFT,dry,87.689,87.096,-0.593,16.15,-0.6,69.6,1.9912,4.8168,1.0031,False,8.0,1.1675,5.0,True,11,103.2,0.02452,-6.85139,-0.55099,4,4
2024,miami_grand_prix,Q,PIA,2024_miami_grand_prix_Q_PIA_018,SOFT,dry,87.752,87.232,-0.52,13.05,-0.7,55.0,2.051,4.4832,1.0502,False,8.0,1.1686,-5.0,True,9,97.6,0.02433,-6.83999,-0.48699,4,4
2024,miami_grand_prix,Q,PER,2024_miami_grand_prix_Q_PER_005,SOFT,dry,87.772,87.053,-0.719,15.84,-0.45,68.3,2.0652,4.3916,1.0187,False,8.0,1.1683,10.0,True,8,113.4,0.0242,-6.93455,-0.51265,4,4
2024,miami_grand_prix,R,NOR,2024_miami_grand_prix_R_NOR_052,HARD,dry,91.244,90.55,-0.694,13.61,-0.6,59.3,1.8783,4.7565,1.1277,False,14.3,1.171,0.0,True,6,85.5,0.02384,-7.11944,-0.60542,4,4
2024,miami_grand_prix,R,ALB,2024_miami_grand_prix_R_ALB_057,SOFT,dry,91.272,90.296,-0.976,14.69,-0.38,62.4,1.9916,3.7311,1.0245,False,4.9,1.1706,0.0,True,7,99.9,0.02142,-7.12335,-0.45747,4,4
2024,miami_grand_prix,R,SAI,2024_miami_grand_prix_R_SAI_052,HARD,dry,91.363,90.821,-0.542,13.86,-0.58,61.2,1.8098,5.2002,1.1361,False,14.3,1.171,-5.0,True,9,98.2,0.02504,-7.12047,-0.6235,4,4
2024,monaco_grand_prix,Q,SAI,2024_monaco_grand_prix_Q_SAI_019,SOFT,dry,71.18,71.24,0.06,12.47,-0.06,46.0,1.8972,6.5,1.1463,True,8.0,1.2004,20.0,True,10,89.8,0.02123,-3.56825,-0.89859,2,2
2024,monaco_grand_prix,Q,LEC,2024_monaco_grand_prix_Q_LEC_014,SOFT,dry,71.289,71.095,-0.194,13.55,0.37,44.4,1.9041,6.5,1.129,True,8.0,1.1988,20.0,True,10,88.6,0.02128,-3.76766,-0.90216,2,2
2024,monaco_grand_prix,Q,PIA,2024_monaco_grand_prix_Q_PIA_014,SOFT,dry,71.373,71.056,-0.317,15.15,0.21,53.0,1.9163,6.5,1.2225,True,8.0,1.1988,10.0,True,11,97.5,0.0211,-4.01495,-0.88343,2,2
2024,monaco_grand_prix,R,VER,2024_monaco_grand_prix_R_VER_060,HARD,dry,75.238,74.197,-1.041,13.78,1.09,41.6,1.7885,6.5,1.4206,True,29.1,1.1976,10.0,True,9,79.4,0.0196,-4.22754,-0.81465,2,2
2024,monaco_grand_prix,R,TSU,2024_monaco_grand_prix_R_TSU_073,HARD,dry,75.955,75.83,-0.125,16.12,0.49,47.4,1.7001,6.5,1.5062,True,11.2,1.1976,20.0,True,10,88.7,0.01972,-4.41911,-0.82441,2,2
2024,monaco_grand_prix,R,PIA,2024_monaco_grand_prix_R_PIA_075,HARD,dry,76.644,75.871,-0.773,15.87,0.84,46.6,1.6779,6.5,1.2771,True,8.5,1.1972,25.0,True,10,88.3,0.02008,-3.98645,-0.87926,2,2
2024,qatar_grand_prix,Q,VER,2024_qatar_grand_prix_Q_VER_015,SOFT,dry,80.687,80.866,0.179,11.7,-0.71,44.5,2.8,2.9738,1.2336,True,8.0,1.2095,5.0,True,14,199.4,0.02418,-6.49873,-0.63154,1,1
2024,qatar_grand_prix,Q,RUS,2024_qatar_grand_prix_Q_RUS_019,SOFT,dry,81.069,81.314,0.245,11.61,-0.98,57.9,2.8,2.7942,1.1687,True,8.0,1.2095,20.0,True,12,171.1,0.02467,-6.42943,-0.70279,1,1
2024,qatar_grand_prix,Q,HAM,2024_qatar_grand_prix_Q_HAM_018,SOFT,dry,81.095,80.88,-0.215,11.91,-0.54,46.5,2.8,2.9661,1.2301,True,8.0,1.2095,20.0,True,13,184.0,0.02417,-6.58836,-0.63266,1,1
2024,qatar_grand_prix,R,NOR,2024_qatar_grand_prix_R_NOR_047,HARD,dry,82.936,82.849,-0.087,11.0,-0.05,47.3,2.8,2.7728,1.3364,True,23.6,1.2111,10.0,True,15,212.3,0.02297,-6.68924,-0.52082,1,1
2024,qatar_grand_prix,R,LEC,2024_qatar_grand_prix_R_LEC_047,HARD,dry,83.722,83.311,-0.411,11.42,0.24,38.6,2.5916,3.2795,1.3476,False,23.6,1.2111,20.0,True,11,158.5,0.02454,-6.67876,-0.63326,1,1
2024,qatar_grand_prix,R,GAS,2024_qatar_grand_prix_R_GAS_047,HARD,dry,84.097,83.415,-0.682,11.13,0.55,43.3,2.7773,2.5977,1.2415,False,23.6,1.2111,30.0,True,14,199.9,0.02354,-6.62142,-0.64701,1,1
2024,sao_paulo_grand_prix,Q,NOR,2024_sao_paulo_grand_prix_Q_NOR_021,INTERMEDIATE,inter,84.844,87.26,2.416,12.44,-1.3,50.1,1.2158,4.7224,1.187,False,8.0,1.2025,5.0,True,10,113.4,0.0224,-6.604,-1.15628,2,2
2024,sao_paulo_grand_prix,Q,PIA,2024_sao_paulo_grand_prix_Q_PIA_014,INTERMEDIATE,inter,85.179,87.31,2.131,12.82,-1.22,45.9,1.2126,4.727,1.1685,False,8.0,1.2033,5.0,True,10,114.5,0.02243,-6.5869,-1.1697,2,2
2024,sao_paulo_grand_prix,Q,ALB,2024_sao_paulo_grand_prix_Q_ALB_019,INTERMEDIATE,inter,86.806,88.916,2.11,13.05,-1.27,46.4,1.2094,4.215,1.1219,False,8.0,1.2021,5.0,True,10,114.4,0.02308,-6.29484,-1.06516,2,2
2024,sao_paulo_grand_prix,R,NOR,2024_sao_paulo_grand_prix_R_NOR_065,INTERMEDIATE,inter,81.64,83.002,1.362,11.49,-0.78,48.4,1.3579,4.4478,1.1466,False,10.8,1.2021,-10.0,True,7,80.0,0.02194,-6.64074,-0.71869,2,2
2024,sao_paulo_grand_prix,R,LEC,2024_sao_paulo_grand_prix_R_LEC_058,INTERMEDIATE,inter,82.017,82.866,0.849,11.25,-0.56,43.6,1.3896,4.239,1.1414,False,21.6,1.2025,0.0,True,7,81.0,0.02082,-6.59778,-0.74981,2,2
2024,sao_paulo_grand_prix,R,VER,2024_sao_paulo_grand_prix_R_VER_050,INTERMEDIATE,inter,82.043,83.359,1.316,10.47,-0.82,45.9,1.3572,4.5763,1.2116,False,34.0,1.2017,0.0,True,13,114.0,0.02075,-6.6779,-0.63825,2,2
2024,saudi_arabian_grand_prix,Q,VER,2024_saudi_arabian_grand_prix_Q_VER_011,SOFT,dry,88.033,87.716,-0.317,12.36,-0.25,53.3,2.8,3.2853,1.0275,True,8.0,1.1831,10.0,True,12,191.0,0.02415,-6.47422,-0.26926,3,3
2024,saudi_arabian_grand_prix,Q,ALO,2024_saudi_arabian_grand_prix_Q_ALO_010,SOFT,dry,88.122,88.174,0.052,11.33,-0.32,42.5,2.8,3.2304,1.0657,True,8.0,1.1839,0.0,True,14,224.3,0.02367,-6.45287,-0.23163,3,3
2024,saudi_arabian_grand_prix,Q,LEC,2024_saudi_arabian_grand_prix_Q_LEC_019,SOFT,dry,88.272,88.293,0.021,12.78,-0.94,55.1,2.8,3.2377,1.0852,True,8.0,1.1843,5.0,True,12,198.2,0.02358,-6.51845,-0.21614,3,3
2024,saudi_arabian_grand_prix,R,PIA,2024_saudi_arabian_grand_prix_R_PIA_046,HARD,dry,92.557,91.713,-0.844,13.28,0.51,46.1,2.5472,3.3906,1.1967,False,13.7,1.1823,10.0,True,10,160.6,0.02253,-6.77495,-0.09806,3,3
2024,saudi_arabian_grand_prix,R,ALB,2024_saudi_arabian_grand_prix_R_ALB_045,HARD,dry,92.564,91.974,-0.59,14.48,0.19,51.8,2.567,3.1212,1.1603,False,15.8,1.1823,20.0,True,10,167.4,0.02207,-6.66466,-0.06977,3,3
2024,saudi_arabian_grand_prix,R,VER,2024_saudi_arabian_grand_prix_R_VER_024,HARD,dry,92.683,91.714,-0.969,14.43,0.36,57.6,2.7638,3.0417,1.2141,False,60.8,1.1819,20.0,True,13,216.2,0.0203,-6.6354,0.01166,3,3
2024,singapore_grand_prix,Q,VER,2024_singapore_grand_prix_Q_VER_017,SOFT,dry,89.728,89.441,-0.287,11.86,0.92,43.4,1.8357,6.5,1.101,True,8.0,1.1675,10.0,True,12,158.4,0.02955,-4.63068,-1.10653,3,3
2024,singapore_grand_prix,Q,HAM,2024_singapore_grand_prix_Q_HAM_015,SOFT,dry,89.841,88.764,-1.077,14.6,1.39,64.0,1.8692,6.5,1.1016,True,8.0,1.1675,15.0,True,12,162.9,0.02981,-4.4736,-1.105,3,3
2024,singapore_grand_prix,Q,NOR,2024_singapore_grand_prix_Q_NOR_008,SOFT,dry,90.007,89.735,-0.272,13.77,0.97,56.9,1.8215,6.5,1.0914,True,8.0,1.1671,10.0,True,12,158.0,0.02948,-4.6075,-1.10761,3,3
2024,singapore_grand_prix,R,LEC,2024_singapore_grand_prix_R_LEC_041,HARD,dry,96.166,96.216,0.05,15.31,0.55,50.8,1.6227,6.4957,1.2649,False,41.0,1.1613,10.0,True,15,196.9,0.02651,-4.74898,-0.97896,3,3
2024,singapore_grand_prix,R,NOR,2024_singapore_grand_prix_R_NOR_034,HARD,dry,96.714,97.013,0.299,16.28,0.1,60.5,1.7736,4.6733,1.3571,False,53.0,1.1613,25.0,True,12,120.9,0.02169,-4.86898,-0.61812,3,3
2024,singapore_grand_prix,R,ALB,2024_singapore_grand_prix_R_ALB_013,HARD,dry,96.888,96.979,0.091,14.06,0.48,52.1,1.6686,6.4994,1.4705,True,89.3,1.1602,15.0,True,14,185.8,0.02417,-5.09412,-0.82961,3,3
2024,spanish_grand_prix,Q,VER,2024_spanish_grand_prix_Q_VER_008,SOFT,dry,71.673,71.48,-0.193,9.28,0.06,32.9,2.4427,3.6133,1.2299,False,8.0,1.1883,5.0,True,9,112.1,0.02442,-5.93221,-0.73293,2,2
2024,spanish_grand_prix,Q,RUS,2024_spanish_grand_prix_Q_RUS_009,SOFT,dry,71.812,71.36,-0.452,10.37,0.23,33.9,2.4039,3.6784,1.136,False,8.0,1.1879,20.0,True,9,111.3,0.02515,-5.6101,-0.91354,2,2
2024,spanish_grand_prix,Q,SAI,2024_spanish_grand_prix_Q_SAI_008,SOFT,dry,71.915,71.126,-0.789,10.61,0.57,39.3,2.5228,3.3319,1.1367,False,8.0,1.1883,15.0,True,10,123.9,0.02348,-5.76857,-0.86679,2,2
2024,spanish_grand_prix,R,HAM,2024_spanish_grand_prix_R_HAM_055,SOFT,dry,78.788,78.643,-0.145,16.6,0.8,57.7,1.7186,5.5501,1.3507,False,22.5,1.1867,-5.0,True,10,114.3,0.02903,-6.2494,-1.37875,2,2
2024,spanish_grand_prix,R,PER,2024_spanish_grand_prix_R_PER_060,SOFT,dry,79.017,78.853,-0.164,12.87,0.64,41.1,1.6774,5.7149,1.3539,False,14.3,1.1875,20.0,True,9,111.1,0.03002,-6.25917,-1.4424,2,2
2024,spanish_grand_prix,R,SAI,2024_spanish_grand_prix_R_SAI_061,HARD,dry,79.151,78.78,-0.371,13.62,0.65,58.1,1.6015,6.1597,1.2271,False,12.7,1.1875,0.0,True,10,124.1,0.03233,-5.87568,-1.67576,2,2
2024,united_states_grand_prix,Q,VER,2024_united_states_grand_prix_Q_VER_011,SOFT,dry,92.584,91.226,-1.358,13.96,0.55,61.7,2.2522,4.1068,1.1242,False,8.0,1.169,0.0,True,8,117.2,0.02845,-6.24035,-0.84163,4,4
2024,united_states_grand_prix,Q,LAW,2024_united_states_grand_prix_Q_LAW_007,SOFT,dry,93.339,91.714,-1.625,15.08,1.23,60.1,2.2675,3.8762,1.1107,False,8.0,1.1683,20.0,True,8,116.5,0.02752,-6.1279,-0.9051,4,4
2024,united_states_grand_prix,Q,ALO,2024_united_states_grand_prix_Q_ALO_014,SOFT,dry,93.429,91.642,-1.787,14.47,0.95,63.7,2.3572,3.5374,1.1613,False,8.0,1.1698,15.0,True,11,127.1,0.0259,-6.29712,-0.79354,4,4
2024,united_states_grand_prix,R,SAI,2024_united_states_grand_prix_R_SAI_036,HARD,dry,98.587,97.863,-0.724,13.64,0.61,51.2,1.8205,5.362,1.2771,False,43.1,1.169,0.0,True,8,116.1,0.02949,-6.38932,-1.18325,4,4
2024,united_states_grand_prix,R,LEC,2024_united_states_grand_prix_R_LEC_033,HARD,dry,99.032,97.982,-1.05,14.16,0.8,56.9,1.8229,5.3835,1.2938,False,48.9,1.169,0.0,True,8,116.6,0.02921,-6.2958,-1.17129,4,4
2024,united_states_grand_prix,R,VER,2024_united_states_grand_prix_R_VER_034,HARD,dry,99.063,98.651,-0.412,14.92,0.59,54.7,1.6959,6.2059,1.2851,False,46.9,1.1694,10.0,True,11,138.8,0.03193,-6.37532,-1.31256,4,4
2025,abu_dhabi_grand_prix,Q,PIA,2025_abu_dhabi_grand_prix_Q_PIA_005,SOFT,dry,82.605,82.626,0.021,11.71,-0.61,52.5,2.6853,2.9799,1.0656,False,8.0,1.1831,10.0,True,19,211.3,0.02312,-6.24925,-0.47579,2,2
2025,abu_dhabi_grand_prix,Q,NOR,2025_abu_dhabi_grand_prix_Q_NOR_008,SOFT,dry,82.804,82.985,0.181,12.64,-0.56,53.5,2.6101,3.1207,1.0584,False,8.0,1.1839,10.0,True,20,215.5,0.02373,-6.30649,-0.52577,2,2
2025,abu_dhabi_grand_prix,Q,VER,2025_abu_dhabi_grand_prix_Q_VER_005,SOFT,dry,82.877,82.896,0.019,12.06,-0.81,58.2,2.5837,3.1623,1.0043,False,8.0,1.1835,0.0,True,10,140.2,0.02414,-6.13123,-0.60026,2,2
2025,abu_dhabi_grand_prix,R,HUL,2025_abu_dhabi_grand_prix_R_HUL_044,MEDIUM,dry,87.172,87.013,-0.159,12.44,-0.53,56.1,2.2062,4.0631,1.1868,False,30.7,1.1796,10.0,True,10,139.3,0.02507,-6.48245,-0.68452,2,2
2025,abu_dhabi_grand_prix,R,NOR,2025_abu_dhabi_grand_prix_R_NOR_027,HARD,dry,87.998,88.32,0.322,12.7,-0.42,49.6,2.0723,4.6204,1.1797,False,62.0,1.1788,15.0,True,13,129.4,0.02558,-6.32597,-0.79368,2,2
2025,abu_dhabi_grand_prix,R,LEC,2025_abu_dhabi_grand_prix_R_LEC_057,MEDIUM,dry,88.165,88.029,-0.136,13.38,0.12,62.2,1.9987,4.6312,1.1598,False,6.7,1.1796,15.0,True,6,84.1,0.02812,-6.52136,-0.87524,2,2
2025,australian_grand_prix,Q,NOR,2025_australian_grand_prix_Q_NOR_010,SOFT,dry,75.556,75.628,0.072,11.8,-0.53,47.0,2.7998,2.5,1.102,True,8.0,1.1679,0.0,True,14,196.2,0.01863,-7.12321,-0.19715,4,4
2025,australian_grand_prix,Q,VER,2025_australian_grand_prix_Q_VER_010,SOFT,dry,75.565,75.45,-0.115,12.23,-0.36,49.0,2.7964,2.5,1.0688,True,8.0,1.1671,5.0,True,13,179.9,0.01871,-7.03647,-0.21645,4,4
2025,australian_grand_prix,Q,RUS,2025_australian_grand_prix_Q_RUS_008,SOFT,dry,75.971,75.606,-0.365,12.49,-0.4,49.0,2.7816,2.5,1.071,True,8.0,1.1648,0.0,True,13,179.5,0.01867,-7.05593,-0.21096,4,4
2025,australian_grand_prix,R,PIA,2025_australian_grand_prix_R_PIA_033,INTERMEDIATE,inter,88.226,87.23,-0.996,14.45,0.84,50.8,1.7203,3.6147,1.1699,False,49.9,1.2216,20.0,True,5,69.9,0.02075,-6.80614,-0.48794,4,4
2025,australian_grand_prix,R,NOR,2025_australian_grand_prix_R_NOR_024,INTERMEDIATE,inter,89.687,89.135,-0.552,13.04,0.16,49.3,1.628,3.9292,1.2319,False,66.8,1.2212,5.0,True,4,56.9,0.02057,-6.95993,-0.50186,4,4
2025,australian_grand_prix,R,ALO,2025_australian_grand_prix_R_ALO_029,INTERMEDIATE,inter,89.718,88.809,-0.909,15.13,-0.01,73.4,1.8458,2.5,1.2179,True,57.4,1.222,5.0,True,8,114.0,0.01682,-7.01013,-0.23908,4,4
2025,austrian_grand_prix,Q,NOR,2025_austrian_grand_prix_Q_NOR_008,SOFT,dry,64.41,64.076,-0.334,13.41,-0.07,49.5,2.571,3.3649,0.9773,False,8.0,1.1717,-5.0,True,11,126.0,0.01841,-4.03959,-0.29642,5,5
2025,austrian_grand_prix,Q,LEC,2025_austrian_grand_prix_Q_LEC_020,SOFT,dry,64.501,63.947,-0.554,11.9,0.14,42.8,2.6008,3.3147,0.9762,False,8.0,1.1725,10.0,True,11,126.2,0.01831,-4.2151,-0.29066,5,5
2025,austrian_grand_prix,Q,PIA,2025_austrian_grand_prix_Q_PIA_010,SOFT,dry,64.556,64.188,-0.368,13.22,-0.1,46.6,2.553,3.3503,0.9667,False,8.0,1.1717,0.0,True,12,137.3,0.01844,-4.12998,-0.29443,5,5
2025,austrian_grand_prix,R,PIA,2025_austrian_grand_prix_R_PIA_032,HARD,dry,69.449,69.306,-0.143,13.34,0.33,48.8,2.009,4.3334,1.1096,False,62.6,1.1625,5.0,True,12,96.0,0.0179,-4.33662,-0.30469,5,5
2025,austrian_grand_prix,R,NOR,2025_austrian_grand_prix_R_NOR_044,HARD,dry,69.641,69.602,-0.039,12.54,0.41,44.0,1.9565,4.2667,1.097,False,44.3,1.161,5.0,True,7,81.4,0.01818,-4.3385,-0.31044,5,5
2025,austrian_grand_prix,R,LEC,2025_austrian_grand_prix_R_LEC_033,HARD,dry,69.717,69.214,-0.503,12.99,0.58,45.9,2.082,3.9599,1.1301,False,61.1,1.1625,10.0,True,7,81.7,0.01721,-4.39971,-0.24319,5,5
2025,azerbaijan_grand_prix,Q,NOR,2025_azerbaijan_grand_prix_Q_NOR_007,SOFT,dry,101.322,102.935,1.613,9.95,-1.24,50.4,1.9812,4.7574,1.028,False,8.0,1.1984,10.0,True,8,91.9,0.0245,-7.9242,-0.05712,2,2
2025,azerbaijan_grand_prix,Q,VER,2025_azerbaijan_grand_prix_Q_VER_007,MEDIUM,dry,101.331,103.846,2.515,9.19,-1.59,44.8,1.9028,4.9838,1.0242,False,8.0,1.1984,0.0,True,8,126.6,0.0248,-7.9602,-0.12956,2,2
2025,azerbaijan_grand_prix,Q,LEC,2025_azerbaijan_grand_prix_Q_LEC_008,SOFT,dry,101.458,103.469,2.011,10.23,-1.56,47.1,1.9131,5.0349,1.0122,False,8.0,1.1984,15.0,True,11,114.9,0.02515,-7.94232,-0.09139,2,2
2025,azerbaijan_grand_prix,R,HUL,2025_azerbaijan_grand_prix_R_HUL_043,MEDIUM,dry,104.478,105.855,1.377,10.79,-0.9,59.1,1.8241,5.3173,1.0932,False,21.9,1.2021,10.0,True,8,126.6,0.02433,-7.93102,-0.10725,2,2
2025,azerbaijan_grand_prix,R,RUS,2025_azerbaijan_grand_prix_R_RUS_050,MEDIUM,dry,104.482,107.368,2.886,10.18,-1.21,59.8,1.6622,5.9916,1.0491,False,7.2,1.2021,5.0,True,11,161.8,0.0263,-8.00447,-0.24867,2,2
2025,azerbaijan_grand_prix,R,HAD,2025_azerbaijan_grand_prix_R_HAD_040,HARD,dry,104.483,107.461,2.978,9.31,-1.59,43.7,1.7128,5.8367,1.1072,False,28.2,1.2021,0.0,True,10,158.7,0.02497,-7.91183,-0.16809,2,2
2025,bahrain_grand_prix,Q,PIA,2025_bahrain_grand_prix_Q_PIA_008,SOFT,dry,90.454,90.059,-0.395,11.22,0.08,49.6,1.8065,5.5962,1.1635,False,8.0,1.1792,-10.0,True,12,174.3,0.02583,-6.25615,-0.60016,5,5
2025,bahrain_grand_prix,Q,NOR,2025_bahrain_grand_prix_Q_NOR_008,SOFT,dry,90.56,89.646,-0.914,12.5,0.47,51.1,1.8997,5.0907,1.195,False,8.0,1.1792,5.0,True,10,142.6,0.02463,-6.30977,-0.49265,5,5
2025,bahrain_grand_prix,Q,LEC,2025_bahrain_grand_prix_Q_LEC_006,SOFT,dry,91.056,89.467,-1.589,13.09,0.96,44.1,2.2393,2.6707,1.0819,False,8.0,1.1796,0.0,True,8,116.2,0.0206,-6.11877,-0.28417,5,5
2025,bahrain_grand_prix,R,PIA,2025_bahrain_grand_prix_R_PIA_057,MEDIUM,dry,96.588,95.726,-0.862,12.71,0.49,45.6,1.7521,3.8167,1.2732,False,4.9,1.1764,5.0,True,9,86.4,0.02262,-6.44993,-0.49272,5,5
2025,bahrain_grand_prix,R,DOO,2025_bahrain_grand_prix_R_DOO_031,HARD,dry,96.682,95.901,-0.781,13.29,0.56,46.0,1.7887,3.8892,1.2782,False,53.7,1.1768,0.0,True,8,83.4,0.02129,-6.36907,-0.44078,5,5
2025,bahrain_grand_prix,R,NOR,2025_bahrain_grand_prix_R_NOR_017,MEDIUM,dry,97.567,95.818,-1.749,14.77,0.99,48.9,1.957,2.6656,1.1599,False,80.0,1.1768,5.0,True,7,101.3,0.01821,-5.86507,-0.33722,5,5
2025,belgian_grand_prix,Q,NOR,2025_belgian_grand_prix_Q_NOR_010,SOFT,dry,100.715,99.486,-1.229,10.68,-0.06,44.6,2.7914,2.5,1.0501,True,8.0,1.1943,10.0,True,14,256.3,0.02229,-7.52206,0.03787,3,3
2025,belgian_grand_prix,Q,VER,2025_belgian_grand_prix_Q_VER_011,SOFT,dry,101.078,100.221,-0.857,10.7,-0.19,46.5,2.6371,2.8118,1.0705,False,8.0,1.1911,10.0,True,10,182.5,0.02348,-7.51759,-0.01415,3,3
2025,belgian_grand_prix,Q,LEC,2025_belgian_grand_prix_Q_LEC_009,SOFT,dry,101.084,99.805,-1.279,11.25,0.06,48.4,2.7172,2.5398,1.0212,False,8.0,1.1943,20.0,True,11,201.2,0.02422,-7.58042,-0.02651,3,3
2025,belgian_grand_prix,R,ANT,2025_belgian_grand_prix_R_ANT_032,MEDIUM,dry,104.861,104.179,-0.682,10.83,0.14,56.0,2.194,3.4992,1.0305,False,34.6,1.2145,5.0,True,8,146.8,0.03103,-7.34366,-0.41263,3,3
2025,belgian_grand_prix,R,NOR,2025_belgian_grand_prix_R_NOR_024,HARD,dry,106.193,105.59,-0.603,11.69,0.18,45.3,2.0548,3.9922,1.0632,False,54.1,1.212,20.0,True,10,130.0,0.03257,-7.28143,-0.39924,3,3
2025,belgian_grand_prix,R,PIA,2025_belgian_grand_prix_R_PIA_036,MEDIUM,dry,106.577,105.854,-0.723,11.76,0.1,46.0,1.9636,4.1255,1.0438,False,24.9,1.2145,15.0,True,7,129.5,0.03492,-7.28049,-0.55461,3,3
2025,british_grand_prix,Q,HAM,2025_british_grand_prix_Q_HAM_015,SOFT,dry,85.13,83.833,-1.297,11.06,-0.14,44.3,2.7003,2.5,1.0661,True,8.0,1.1976,5.0,True,12,183.5,0.02441,-5.45981,-0.27809,7,7
2025,british_grand_prix,Q,NOR,2025_british_grand_prix_Q_NOR_010,SOFT,dry,85.231,83.83,-1.401,10.68,0.02,47.1,2.7115,2.5,1.0843,True,8.0,1.2025,-5.0,True,12,184.8,0.02246,-5.51192,-0.19329,7,7
2025,british_grand_prix,Q,PIA,2025_british_grand_prix_Q_PIA_011,SOFT,dry,85.316,83.857,-1.459,10.83,-0.05,38.7,2.7093,2.5002,1.0854,True,8.0,1.2029,-10.0,True,11,169.0,0.02246,-5.43517,-0.19388,7,7
2025,british_grand_prix,R,ALO,2025_british_grand_prix_R_ALO_051,MEDIUM,dry,90.578,89.585,-0.993,10.95,0.35,67.4,1.9196,4.0562,1.1239,False,7.1,1.2066,0.0,True,7,108.4,0.03152,-2.17528,-0.82914,7,7
2025,british_grand_prix,R,RUS,2025_british_grand_prix_R_RUS_052,HARD,dry,91.9,91.194,-0.706,11.69,0.49,45.4,1.7849,4.3385,1.1006,False,5.1,1.2062,5.0,True,5,77.7,0.03263,0.13894,-1.20658,7,7
2025,british_grand_prix,R,LEC,2025_british_grand_prix_R_LEC_045,SOFT,dry,93.731,92.097,-1.634,13.23,0.96,46.8,2.0392,3.0827,1.1625,False,19.5,1.2082,10.0,True,7,109.2,0.02535,-5.73423,-0.79109,7,7
2025,canadian_grand_prix,Q,VER,2025_canadian_grand_prix_Q_VER_008,MEDIUM,dry,71.638,70.98,-0.658,12.72,1.03,50.1,2.0673,4.858,0.9918,False,8.0,1.1988,0.0,True,7,81.8,0.02113,-6.11733,-0.47046,4,4
2025,canadian_grand_prix,Q,NOR,2025_canadian_grand_prix_Q_NOR_010,SOFT,dry,71.676,71.444,-0.232,11.6,0.4,41.6,1.9674,5.27,0.9781,False,8.0,1.1988,5.0,True,9,106.1,0.02189,-5.99024,-0.54091,4,4
2025,canadian_grand_prix,Q,PIA,2025_canadian_grand_prix_Q_PIA_014,SOFT,dry,71.796,70.799,-0.997,13.39,1.12,42.0,2.0835,4.9211,1.0181,False,8.0,1.1988,15.0,True,8,93.0,0.02101,-6.17163,-0.45956,4,4
2025,canadian_grand_prix,R,VER,2025_canadian_grand_prix_R_VER_039,HARD,dry,75.243,74.862,-0.381,14.12,0.49,51.2,1.7684,6.2623,1.2046,False,48.4,1.1851,10.0,True,12,139.3,0.02103,-6.4064,-0.53982,4,4
2025,canadian_grand_prix,R,NOR,2025_canadian_grand_prix_R_NOR_043,MEDIUM,dry,75.297,74.736,-0.561,14.85,0.86,46.6,1.7845,6.0575,1.19,False,41.9,1.1855,20.0,True,11,128.5,0.02088,-6.41789,-0.53153,4,4
2025,canadian_grand_prix,R,GAS,2025_canadian_grand_prix_R_GAS_058,MEDIUM,dry,75.469,75.147,-0.322,14.55,0.68,53.5,1.7651,5.9911,1.3076,False,17.6,1.1819,10.0,True,12,141.6,0.02105,-6.54891,-0.49336,4,4
2025,chinese_grand_prix,Q,PIA,2025_chinese_grand_prix_Q_PIA_019,SOFT,dry,90.641,89.639,-1.002,10.18,-0.27,45.1,2.2708,3.6744,1.0641,False,8.0,1.1796,10.0,True,8,115.2,0.02553,-6.81866,-0.70207,3,3
2025,chinese_grand_prix,Q,RUS,2025_chinese_grand_prix_Q_RUS_021,SOFT,dry,90.723,89.345,-1.378,9.86,-0.2,41.4,2.2893,3.5962,1.0132,False,8.0,1.1796,5.0,True,9,129.0,0.02542,-6.71716,-0.74592,3,3
2025,chinese_grand_prix,Q,VER,2025_chinese_grand_prix_Q_VER_011,SOFT,dry,90.925,90.338,-0.587,10.37,-0.68,41.6,2.1503,4.0386,1.0383,False,8.0,1.18,5.0,True,10,144.1,0.02697,-6.74583,-0.79994,3,3
2025,chinese_grand_prix,R,HAD,2025_chinese_grand_prix_R_HAD_035,HARD,dry,95.868,94.742,-1.126,12.86,-0.55,56.1,2.0826,3.6514,1.1702,False,45.0,1.1768,15.0,True,7,101.1,0.02252,-6.896,-0.67635,3,3
2025,chinese_grand_prix,R,LEC,2025_chinese_grand_prix_R_LEC_052,HARD,dry,96.583,95.219,-1.364,10.11,-0.2,39.4,1.8402,4.6265,1.0397,False,12.6,1.1776,15.0,True,5,72.6,0.02775,-6.84418,-1.08223,3,3
2025,chinese_grand_prix,R,LAW,2025_chinese_grand_prix_R_LAW_038,HARD,dry,96.656,96.222,-0.434,11.5,-0.4,52.3,1.8244,4.8262,1.1449,False,39.3,1.1768,15.0,True,7,100.7,0.02676,-6.89883,-1.03218,3,3
2025,dutch_grand_prix,Q,PIA,2025_dutch_grand_prix_Q_PIA_017,SOFT,dry,68.754,68.584,-0.17,15.67,-0.66,54.5,2.8,3.0461,1.1235,True,8.0,1.2017,10.0,True,11,125.1,0.02107,-5.57671,-0.59711,5,5
2025,dutch_grand_prix,Q,NOR,2025_dutch_grand_prix_Q_NOR_011,SOFT,dry,69.435,68.976,-0.459,16.64,0.11,56.5,2.8,2.9653,1.1501,True,8.0,1.2008,5.0,True,12,134.2,0.02052,-5.10179,-0.60402,5,5
2025,dutch_grand_prix,Q,HAM,2025_dutch_grand_prix_Q_HAM_017,SOFT,dry,69.526,69.007,-0.519,15.22,0.02,46.7,2.8,2.9057,1.0995,True,8.0,1.2021,5.0,True,12,136.9,0.02051,-4.45176,-0.65686,5,5
2025,dutch_grand_prix,R,ALO,2025_dutch_grand_prix_R_ALO_044,HARD,dry,74.344,73.501,-0.843,16.22,1.09,54.4,2.3925,3.3864,1.2304,False,46.1,1.2049,5.0,True,9,100.8,0.02002,-4.69365,-0.68134,5,5
2025,dutch_grand_prix,R,ANT,2025_dutch_grand_prix_R_ANT_048,HARD,dry,74.867,73.817,-1.05,18.77,1.09,72.3,2.3247,3.5316,1.224,False,40.2,1.2062,15.0,True,8,91.1,0.02071,-4.59983,-0.73257,5,5
2025,dutch_grand_prix,R,PIA,2025_dutch_grand_prix_R_PIA_035,HARD,dry,74.871,74.023,-0.848,17.49,0.78,54.4,2.6305,2.5,1.3493,True,59.5,1.2054,10.0,True,11,126.2,0.01615,-4.98734,-0.40717,5,5
2025,emilia_romagna_grand_prix,Q,SAI,2025_emilia_romagna_grand_prix_Q_SAI_014,SOFT,dry,75.198,74.702,-0.496,10.84,0.52,46.7,2.3978,4.8565,1.1352,False,8.0,1.1907,5.0,True,11,131.4,0.02219,-6.91343,-0.31556,3,3
2025,emilia_romagna_grand_prix,Q,PIA,2025_emilia_romagna_grand_prix_Q_PIA_008,SOFT,dry,75.241,74.771,-0.47,11.84,0.29,54.7,2.4199,4.8592,1.1829,False,8.0,1.1919,10.0,True,10,133.9,0.02209,-6.87711,-0.28721,3,3
2025,emilia_romagna_grand_prix,Q,NOR,2025_emilia_romagna_grand_prix_Q_NOR_009,SOFT,dry,75.261,74.8,-0.461,11.91,0.37,48.9,2.4663,4.573,1.1713,False,8.0,1.1919,10.0,True,10,129.8,0.02138,-6.91096,-0.25539,3,3
2025,emilia_romagna_grand_prix,R,PIA,2025_emilia_romagna_grand_prix_R_PIA_035,HARD,dry,79.656,78.748,-0.908,13.09,0.74,43.0,2.6444,2.5,1.2536,True,52.3,1.1871,10.0,True,11,144.2,0.01643,-6.79522,0.01101,3,3
2025,emilia_romagna_grand_prix,R,NOR,2025_emilia_romagna_grand_prix_R_NOR_036,HARD,dry,79.853,78.96,-0.893,14.11,0.82,49.7,2.6445,2.5494,1.3195,False,50.6,1.1871,10.0,True,11,135.3,0.01632,-6.87047,0.03396,3,3
2025,emilia_romagna_grand_prix,R,VER,2025_emilia_romagna_grand_prix_R_VER_035,HARD,dry,80.12,79.175,-0.945,14.01,0.88,59.0,2.6191,2.5,1.296,True,52.3,1.1879,20.0,True,11,144.3,0.01629,-6.85924,0.03017,3,3
2025,hungarian_grand_prix,Q,ALO,2025_hungarian_grand_prix_Q_ALO_008,SOFT,dry,75.395,74.807,-0.588,11.7,0.54,31.9,2.2883,3.9407,1.1897,False,8.0,1.1714,10.0,True,8,92.7,0.02286,-4.93328,-0.84763,3,3
2025,hungarian_grand_prix,Q,PIA,2025_hungarian_grand_prix_Q_PIA_014,SOFT,dry,75.398,74.803,-0.595,11.44,0.46,37.6,2.3004,4.0348,1.3356,False,8.0,1.1725,10.0,True,8,93.5,0.02283,-5.24104,-0.82419,3,3
2025,hungarian_grand_prix,Q,NOR,2025_hungarian_grand_prix_Q_NOR_014,SOFT,dry,75.494,74.723,-0.771,12.18,0.51,49.3,2.2886,4.1079,1.3226,False,8.0,1.1725,15.0,True,8,94.6,0.02315,-5.00274,-0.85136,3,3
2025,hungarian_grand_prix,R,NOR,2025_hungarian_grand_prix_R_NOR_039,HARD,dry,80.301,79.584,-0.717,13.31,0.74,43.2,2.035,4.2102,1.3854,False,51.9,1.1956,20.0,True,9,96.9,0.02235,-5.24417,-0.78517,3,3
2025,hungarian_grand_prix,R,HAM,2025_hungarian_grand_prix_R_HAM_045,MEDIUM,dry,80.862,80.587,-0.275,12.72,0.61,38.5,1.9484,4.2622,1.2965,False,42.7,1.1951,15.0,True,8,77.2,0.02287,-5.08993,-0.93162,3,3
2025,hungarian_grand_prix,R,LAW,2025_hungarian_grand_prix_R_LAW_047,HARD,dry,81.0,80.69,-0.31,13.01,0.82,41.3,1.9539,4.2664,1.4043,False,39.7,1.1956,15.0,True,7,82.9,0.02277,-5.30749,-0.86461,3,3
2025,italian_grand_prix,Q,VER,2025_italian_grand_prix_Q_VER_008,SOFT,dry,79.14,78.679,-0.461,11.25,-0.53,54.2,1.9742,5.323,0.8866,False,8.0,1.178,5.0,True,8,122.9,0.02394,-6.8233,-0.31828,4,4
2025,italian_grand_prix,Q,RUS,2025_italian_grand_prix_Q_RUS_008,SOFT,dry,79.287,78.863,-0.424,12.3,-0.66,59.4,1.932,5.6737,0.9229,False,8.0,1.178,15.0,True,13,176.6,0.02444,-6.92044,-0.35585,4,4
2025,italian_grand_prix,Q,PIA,2025_italian_grand_prix_Q_PIA_009,SOFT,dry,79.291,78.71,-0.581,11.67,-0.56,62.8,2.1371,4.458,0.9045,False,8.0,1.1784,20.0,True,7,107.1,0.0222,-6.89366,-0.15509,4,4
2025,italian_grand_prix,R,RUS,2025_italian_grand_prix_R_RUS_052,HARD,dry,82.072,81.131,-0.941,12.82,0.29,56.0,2.1878,3.3297,0.9633,False,7.0,1.1753,25.0,True,10,152.5,0.02068,-7.16252,0.0489,4,4
2025,italian_grand_prix,R,STR,2025_italian_grand_prix_R_STR_051,SOFT,dry,82.164,81.807,-0.357,12.48,-0.17,50.2,1.6847,6.287,0.9794,False,9.1,1.1753,10.0,True,13,199.5,0.02455,-7.15769,-0.31537,4,4
2025,italian_grand_prix,R,BEA,2025_italian_grand_prix_R_BEA_043,HARD,dry,82.518,81.517,-1.001,12.51,-0.0,54.3,2.0758,3.9794,0.9835,False,25.2,1.176,30.0,True,8,123.3,0.01994,-7.0631,0.02072,4,4
2025,japanese_grand_prix,Q,VER,2025_japanese_grand_prix_Q_VER_008,SOFT,dry,87.502,86.493,-1.009,13.3,-0.08,53.9,2.449,3.8926,1.2196,False,8.0,1.2259,15.0,True,14,200.8,0.0235,-6.24403,-0.29337,5,5
2025,japanese_grand_prix,Q,LEC,2025_japanese_grand_prix_Q_LEC_011,SOFT,dry,87.6,86.574,-1.026,12.71,-0.45,53.4,2.6766,3.0129,1.2101,False,8.0,1.2259,15.0,True,12,183.3,0.02186,-6.35927,-0.15225,5,5
2025,japanese_grand_prix,Q,HAM,2025_japanese_grand_prix_Q_HAM_014,SOFT,dry,87.61,86.667,-0.943,13.55,-0.27,50.6,2.4883,3.753,1.2489,False,8.0,1.2259,10.0,True,11,173.8,0.02292,-6.37504,-0.241,5,5
2025,japanese_grand_prix,R,ALB,2025_japanese_grand_prix_R_ALB_042,HARD,dry,91.979,90.453,-1.526,16.11,0.85,53.5,2.5254,2.5,1.2002,True,27.2,1.2271,25.0,True,11,168.0,0.02193,-6.07956,-0.28359,5,5
2025,japanese_grand_prix,R,LEC,2025_japanese_grand_prix_R_LEC_030,HARD,dry,92.063,90.772,-1.291,14.51,0.28,47.0,2.222,3.8965,1.2564,False,51.5,1.2271,15.0,True,9,137.9,0.02286,-6.47914,-0.38565,5,5
2025,japanese_grand_prix,R,GAS,2025_japanese_grand_prix_R_GAS_042,HARD,dry,92.077,90.47,-1.607,14.79,0.4,53.5,2.5441,2.5,1.2401,True,27.2,1.2271,20.0,True,10,154.4,0.02173,-5.9566,-0.20459,5,5
2025,las_vegas_grand_prix,Q,RUS,2025_las_vegas_grand_prix_Q_RUS_017,WET,wet,110.935,105.243,-5.692,23.57,4.33,114.9,1.2,6.5,0.9946,True,8.0,1.2383,5.0,True,9,150.5,0.03057,-7.78028,-0.94374,3,3
2025,las_vegas_grand_prix,Q,HAD,2025_las_vegas_grand_prix_Q_HAD_017,WET,wet,111.12,105.627,-5.493,23.02,4.25,119.3,1.2,6.5,1.0432,True,8.0,1.2383,0.0,True,8,133.4,0.03023,-7.75513,-0.87712,3,3
2025,las_vegas_grand_prix,Q,NOR,2025_las_vegas_grand_prix_Q_NOR_016,WET,wet,111.43,105.894,-5.536,22.03,4.91,115.2,1.2,6.3557,1.0307,True,8.0,1.2383,5.0,True,9,147.4,0.02977,-7.75657,-0.95698,3,3
2025,las_vegas_grand_prix,R,SAI,2025_las_vegas_grand_prix_R_SAI_048,HARD,dry,94.908,96.341,1.433,15.98,-2.33,90.7,1.5528,5.7158,0.9076,False,9.4,1.2195,5.0,True,14,157.5,0.02592,-7.87275,-0.3277,3,3
2025,las_vegas_grand_prix,R,ANT,2025_las_vegas_grand_prix_R_ANT_034,HARD,dry,95.116,96.719,1.603,17.01,-2.16,78.2,1.6311,5.014,0.8803,False,39.4,1.2191,-5.0,True,9,124.6,0.02691,-7.79265,-0.42676,3,3
2025,las_vegas_grand_prix,R,PIA,2025_las_vegas_grand_prix_R_PIA_029,HARD,dry,95.135,96.305,1.17,16.07,-2.35,76.3,1.6703,4.901,0.8632,False,50.1,1.2191,0.0,True,7,115.4,0.02634,-7.75592,-0.42715,3,3
2025,mexico_city_grand_prix,Q,LEC,2025_mexico_city_grand_prix_Q_LEC_016,SOFT,dry,75.991,75.892,-0.099,9.21,-0.43,39.9,1.6349,6.3248,0.8327,False,8.0,1.1788,5.0,True,11,125.9,0.02434,-6.3738,-0.96317,5,5
2025,mexico_city_grand_prix,Q,HAM,2025_mexico_city_grand_prix_Q_HAM_008,SOFT,dry,76.736,76.685,-0.051,9.55,-0.5,40.7,1.5839,6.5,0.8323,True,8.0,1.1788,5.0,True,14,158.5,0.02453,-6.56399,-1.01266,5,5
2025,mexico_city_grand_prix,Q,NOR,2025_mexico_city_grand_prix_Q_NOR_005,SOFT,dry,76.899,76.578,-0.321,9.3,-0.1,40.7,1.5954,6.5,0.8735,True,8.0,1.1788,0.0,True,12,142.2,0.02448,-6.48228,-0.97613,5,5
2025,mexico_city_grand_prix,R,PIA,2025_mexico_city_grand_prix_R_PIA_050,SOFT,dry,80.621,79.494,-1.127,11.36,-0.09,45.6,1.7675,4.033,1.0019,False,36.2,1.1756,15.0,True,5,59.9,0.01765,-6.79748,-0.57098,5,5
2025,mexico_city_grand_prix,R,ANT,2025_mexico_city_grand_prix_R_ANT_057,SOFT,dry,81.144,80.67,-0.474,11.82,0.16,42.5,1.6527,4.3462,0.9282,False,25.6,1.1768,5.0,True,7,81.4,0.01881,-6.68085,-0.67439,5,5
2025,mexico_city_grand_prix,R,BEA,2025_mexico_city_grand_prix_R_BEA_063,SOFT,dry,81.26,80.24,-1.02,11.67,0.08,38.6,1.6721,4.416,1.0103,False,16.6,1.176,10.0,True,5,58.5,0.01905,-6.87699,-0.6519,5,5
2025,miami_grand_prix,Q,PIA,2025_miami_grand_prix_Q_PIA_009,SOFT,dry,86.269,85.322,-0.947,11.41,-0.04,44.5,2.1055,4.6252,1.0147,False,8.0,1.1741,10.0,True,9,117.4,0.02455,-6.99723,-0.62929,5,5
2025,miami_grand_prix,Q,ANT,2025_miami_grand_prix_Q_ANT_010,SOFT,dry,86.606,85.378,-1.228,13.31,0.38,54.7,2.0702,4.774,0.9966,False,8.0,1.1741,10.0,True,11,115.6,0.02507,-6.97288,-0.66794,5,5
2025,miami_grand_prix,Q,VER,2025_miami_grand_prix_Q_VER_011,SOFT,dry,86.654,85.236,-1.418,13.08,0.93,44.5,2.1351,4.604,1.0522,False,8.0,1.1741,5.0,True,7,99.6,0.0242,-6.95871,-0.57069,5,5
2025,miami_grand_prix,R,NOR,2025_miami_grand_prix_R_NOR_041,HARD,dry,90.168,89.509,-0.659,12.92,0.12,48.4,1.8081,5.6273,1.0812,False,34.9,1.1792,10.0,True,11,124.1,0.02518,-7.08021,-0.75775,5,5
2025,miami_grand_prix,R,PIA,2025_miami_grand_prix_R_PIA_041,HARD,dry,90.37,89.048,-1.322,15.38,0.17,64.7,1.8481,5.4641,1.0711,False,34.9,1.1792,15.0,True,8,114.7,0.02484,-7.07555,-0.73148,5,5
2025,miami_grand_prix,R,LEC,2025_miami_grand_prix_R_LEC_036,HARD,dry,90.724,89.646,-1.078,12.4,0.18,46.4,1.802,5.8113,1.1146,False,44.3,1.1796,0.0,True,10,131.7,0.02516,-7.06616,-0.73781,5,5
2025,monaco_grand_prix,Q,NOR,2025_monaco_grand_prix_Q_NOR_016,SOFT,dry,70.57,70.877,0.307,14.98,-0.68,54.7,1.9217,6.445,1.2127,False,8.0,1.2012,10.0,True,12,106.2,0.02135,-3.98214,-0.898,2,2
2025,monaco_grand_prix,Q,LEC,2025_monaco_grand_prix_Q_LEC_023,SOFT,dry,70.653,70.197,-0.456,14.7,0.23,48.3,1.9632,6.3654,1.1514,False,8.0,1.2,5.0,True,11,97.2,0.02147,-3.85753,-0.88961,2,2
2025,monaco_grand_prix,Q,PIA,2025_monaco_grand_prix_Q_PIA_015,SOFT,dry,70.961,70.791,-0.17,15.02,0.03,47.9,1.9206,6.5,1.2064,True,8.0,1.2008,5.0,True,11,97.8,0.0215,-3.96869,-0.90117,2,2
2025,monaco_grand_prix,R,RUS,2025_monaco_grand_prix_R_RUS_065,MEDIUM,dry,74.28,74.323,0.043,15.39,0.23,47.9,1.7565,6.5,1.2446,True,22.2,1.1931,20.0,True,12,109.3,0.02003,-3.88421,-0.86565,2,2
2025,monaco_grand_prix,R,LEC,2025_monaco_grand_prix_R_LEC_052,MEDIUM,dry,74.421,73.963,-0.458,14.78,0.65,47.0,1.7881,6.5,1.1923,True,40.0,1.1935,15.0,True,10,89.7,0.0196,-3.70617,-0.852,2,2
2025,monaco_grand_prix,R,NOR,2025_monaco_grand_prix_R_NOR_026,HARD,dry,74.727,74.793,0.066,15.69,0.15,51.3,1.7866,6.5,1.267,True,75.7,1.1943,15.0,True,12,107.3,0.01834,-3.71629,-0.79416,2,2
2025,qatar_grand_prix,Q,NOR,2025_qatar_grand_prix_Q_NOR_011,SOFT,dry,79.861,80.617,0.756,11.11,-1.69,49.9,2.8,2.7616,1.1562,True,8.0,1.2021,10.0,True,11,157.3,0.02478,-6.42024,-0.75519,2,2
2025,qatar_grand_prix,Q,PIA,2025_qatar_grand_prix_Q_PIA_011,SOFT,dry,79.868,80.542,0.674,10.83,-1.76,38.8,2.8,2.7493,1.1309,True,8.0,1.2021,20.0,True,12,176.6,0.02521,-6.33255,-0.78395,2,2
2025,qatar_grand_prix,Q,RUS,2025_qatar_grand_prix_Q_RUS_010,SOFT,dry,80.074,80.878,0.804,11.25,-1.74,41.6,2.8,2.6333,1.079,True,8.0,1.2012,20.0,True,10,144.9,0.02556,-6.31093,-0.86152,2,2
2025,qatar_grand_prix,R,LAW,2025_qatar_grand_prix_R_LAW_053,HARD,dry,84.13,83.817,-0.313,9.97,0.33,37.8,2.6147,2.7848,1.273,False,12.4,1.1972,20.0,True,11,157.1,0.02481,-6.57039,-0.7778,2,2
2025,qatar_grand_prix,R,ANT,2025_qatar_grand_prix_R_ANT_038,HARD,dry,84.429,83.939,-0.49,10.63,0.62,43.8,2.5565,2.9585,1.1494,False,40.5,1.1956,15.0,True,11,157.9,0.02531,-6.39591,-0.94128,2,2
2025,qatar_grand_prix,R,ALB,2025_qatar_grand_prix_R_ALB_053,MEDIUM,dry,84.593,84.397,-0.196,10.8,0.45,39.3,2.4969,2.9672,1.2279,False,12.4,1.1972,25.0,True,10,146.1,0.02619,-6.58235,-0.90034,2,2
2025,sao_paulo_grand_prix,Q,NOR,2025_sao_paulo_grand_prix_Q_NOR_014,SOFT,dry,69.616,69.56,-0.056,11.44,-0.57,42.8,2.0351,4.516,0.9706,False,8.0,1.18,0.0,True,7,79.8,0.01983,-6.36644,-0.53972,2,2
2025,sao_paulo_grand_prix,Q,LEC,2025_sao_paulo_grand_prix_Q_LEC_021,SOFT,dry,69.805,69.553,-0.252,11.02,-0.48,44.3,2.0644,4.3359,0.976,False,8.0,1.1796,5.0,True,7,79.8,0.01938,-6.47968,-0.50556,2,2
2025,sao_paulo_grand_prix,Q,RUS,2025_sao_paulo_grand_prix_Q_RUS_015,MEDIUM,dry,69.942,69.621,-0.321,11.98,-0.23,45.1,2.0575,4.3614,0.9817,False,8.0,1.1796,10.0,True,7,79.5,0.01942,-6.27825,-0.50745,2,2
2025,sao_paulo_grand_prix,R,ANT,2025_sao_paulo_grand_prix_R_ANT_060,MEDIUM,dry,73.835,72.958,-0.877,12.42,0.1,45.7,1.8564,4.5414,1.1062,False,21.1,1.2149,5.0,True,8,58.0,0.01858,-6.71032,-0.45762,2,2
2025,sao_paulo_grand_prix,R,VER,2025_sao_paulo_grand_prix_R_VER_045,MEDIUM,dry,73.844,73.13,-0.714,13.1,-0.05,50.4,1.8548,4.6275,1.0826,False,43.7,1.2157,20.0,True,7,63.2,0.0182,-6.59786,-0.46449,2,2
2025,sao_paulo_grand_prix,R,STR,2025_sao_paulo_grand_prix_R_STR_060,MEDIUM,dry,73.856,73.194,-0.662,12.02,-0.05,40.9,1.8516,4.6186,1.1749,False,21.1,1.2145,15.0,True,6,60.1,0.01853,-6.82168,-0.44015,2,2
2025,saudi_arabian_grand_prix,Q,VER,2025_saudi_arabian_grand_prix_Q_VER_018,SOFT,dry,87.294,87.439,0.145,13.72,-1.01,73.9,2.8,3.1957,1.0259,True,8.0,1.1606,5.0,True,11,178.2,0.02464,-6.34982,-0.36267,3,3
2025,saudi_arabian_grand_prix,Q,NOR,2025_saudi_arabian_grand_prix_Q_NOR_008,SOFT,dry,87.481,87.662,0.181,13.53,-1.13,72.7,2.8,3.0825,1.0099,True,8.0,1.1656,15.0,True,11,180.5,0.02422,-6.28155,-0.34729,3,3
2025,saudi_arabian_grand_prix,Q,PIA,2025_saudi_arabian_grand_prix_Q_PIA_014,SOFT,dry,87.56,87.586,0.026,12.6,-0.87,52.2,2.8,3.2005,1.048,True,8.0,1.1652,5.0,True,11,177.8,0.0246,-6.40988,-0.34237,3,3
2025,saudi_arabian_grand_prix,R,LEC,2025_saudi_arabian_grand_prix_R_LEC_032,HARD,dry,92.431,91.299,-1.132,14.71,0.69,59.0,2.7149,2.7281,1.089,False,43.7,1.164,20.0,True,13,211.0,0.02098,-6.4916,-0.10195,3,3
2025,saudi_arabian_grand_prix,R,NOR,2025_saudi_arabian_grand_prix_R_NOR_036,MEDIUM,dry,92.432,92.163,-0.269,14.58,-0.24,52.8,2.742,2.5,1.1787,True,35.1,1.1606,15.0,True,12,194.4,0.01995,-6.6297,0.00847,3,3
2025,saudi_arabian_grand_prix,R,PIA,2025_saudi_arabian_grand_prix_R_PIA_039,HARD,dry,92.701,92.253,-0.448,14.54,0.24,59.1,2.3756,3.7037,1.1339,False,28.7,1.159,15.0,True,9,146.8,0.02408,-6.58316,-0.33898,3,3
2025,singapore_grand_prix,Q,RUS,2025_singapore_grand_prix_Q_RUS_011,SOFT,dry,89.562,88.561,-1.001,15.86,1.07,79.4,1.9648,5.5779,1.0797,False,8.0,1.1652,5.0,True,13,172.5,0.02732,-4.46348,-0.87748,3,3
2025,singapore_grand_prix,Q,ANT,2025_singapore_grand_prix_Q_ANT_016,SOFT,dry,89.761,88.516,-1.245,14.73,0.91,58.6,2.0163,5.1319,1.0427,False,8.0,1.1659,5.0,True,9,119.1,0.02636,-4.54122,-0.8359,3,3
2025,singapore_grand_prix,Q,PIA,2025_singapore_grand_prix_Q_PIA_013,SOFT,dry,89.813,89.51,-0.303,13.41,0.3,62.2,1.8367,6.3221,1.1008,False,8.0,1.1656,0.0,True,18,183.8,0.02896,-4.66552,-0.99568,3,3
2025,singapore_grand_prix,R,HUL,2025_singapore_grand_prix_R_HUL_050,SOFT,dry,95.536,94.947,-0.589,13.39,0.72,49.5,1.6498,6.5,1.3258,True,25.4,1.1667,0.0,True,12,159.8,0.027,-5.16521,-0.96227,3,3
2025,singapore_grand_prix,R,HAM,2025_singapore_grand_prix_R_HAM_041,HARD,dry,96.07,95.904,-0.166,16.24,0.62,54.2,1.6158,6.4999,1.2308,True,41.0,1.1675,5.0,True,12,157.4,0.02642,-4.88717,-0.98743,3,3
2025,singapore_grand_prix,R,VER,2025_singapore_grand_prix_R_VER_039,HARD,dry,96.298,95.994,-0.304,15.84,0.77,52.8,1.6329,6.5,1.3633,True,44.4,1.1675,0.0,True,11,146.4,0.02601,-4.96027,-0.92499,3,3
2025,spanish_grand_prix,Q,PIA,2025_spanish_grand_prix_Q_PIA_007,SOFT,dry,71.998,71.256,-0.742,11.46,0.63,40.8,2.2894,4.4298,1.1811,False,8.0,1.1683,10.0,True,9,113.5,0.02803,-6.26654,-1.02931,2,2
2025,spanish_grand_prix,Q,NOR,2025_spanish_grand_prix_Q_NOR_008,SOFT,dry,72.056,71.374,-0.682,11.9,0.56,42.4,2.3086,4.3551,1.2095,False,8.0,1.1675,10.0,True,9,113.8,0.0275,-6.41588,-0.99337,2,2
2025,spanish_grand_prix,Q,RUS,2025_spanish_grand_prix_Q_RUS_005,SOFT,dry,72.407,71.772,-0.635,12.15,0.88,38.8,2.1926,4.7155,1.1853,False,8.0,1.1686,10.0,True,9,104.1,0.02914,-6.35963,-1.10327,2,2
2025,spanish_grand_prix,R,RUS,2025_spanish_grand_prix_R_RUS_047,SOFT,dry,79.393,79.072,-0.321,14.99,1.32,45.5,1.632,6.4945,1.2995,False,35.4,1.1706,15.0,True,13,161.9,0.03195,-6.05019,-1.66429,2,2
2025,spanish_grand_prix,R,LEC,2025_spanish_grand_prix_R_LEC_054,MEDIUM,dry,79.826,78.554,-1.272,16.42,1.99,50.9,1.6343,6.5,1.2804,True,24.1,1.1698,10.0,True,11,137.3,0.03293,-6.00699,-1.71094,2,2
2025,spanish_grand_prix,R,VER,2025_spanish_grand_prix_R_VER_024,SOFT,dry,79.958,79.235,-0.723,14.67,1.3,43.7,1.6693,6.5,1.2952,True,72.7,1.1694,10.0,True,11,138.0,0.02997,-5.89497,-1.59815,2,2
2025,united_states_grand_prix,Q,VER,2025_united_states_grand_prix_Q_VER_011,SOFT,dry,92.51,91.515,-0.995,14.17,0.91,57.7,2.3411,3.6849,1.1815,False,8.0,1.1492,10.0,True,10,146.0,0.02562,-6.3264,-0.60884,3,3
2025,united_states_grand_prix,Q,LEC,2025_united_states_grand_prix_Q_LEC_016,SOFT,dry,92.807,91.579,-1.228,14.04,0.75,63.1,2.3283,3.7209,1.1782,False,8.0,1.1489,25.0,True,11,139.8,0.02577,-6.37246,-0.62035,3,3
2025,united_states_grand_prix,Q,NOR,2025_united_states_grand_prix_Q_NOR_016,SOFT,dry,92.904,92.147,-0.757,13.76,0.59,60.0,2.2546,3.9137,1.1846,False,8.0,1.1492,20.0,True,8,120.4,0.02632,-6.26773,-0.67049,3,3
2025,united_states_grand_prix,R,NOR,2025_united_states_grand_prix_R_NOR_034,SOFT,dry,98.212,97.32,-0.892,14.42,0.74,50.3,1.9884,4.2885,1.2634,False,46.9,1.169,15.0,True,8,116.8,0.02589,-6.31897,-0.82863,3,3
2025,united_states_grand_prix,R,VER,2025_united_states_grand_prix_R_VER_037,SOFT,dry,98.663,97.895,-0.768,14.97,1.04,51.4,1.8984,4.7092,1.2942,False,41.2,1.1698,20.0,True,6,88.6,0.02737,-6.3617,-0.89614,3,3
2025,united_states_grand_prix,R,RUS,2025_united_states_grand_prix_R_RUS_051,SOFT,dry,98.852,98.569,-0.283,14.46,0.66,59.5,1.7144,5.677,1.2892,False,14.5,1.1675,15.0,True,10,146.0,0.03058,-6.44275,-1.08742,3,3
